
-- phpMyAdmin SQL Dump
-- version 3.5.2.2
-- http://www.phpmyadmin.net
--
-- Host: localhost
-- Generation Time: Oct 21, 2014 at 03:50 PM
-- Server version: 5.1.73
-- PHP Version: 5.2.17

SET SQL_MODE="NO_AUTO_VALUE_ON_ZERO";
SET time_zone = "+00:00";


/*!40101 SET @OLD_CHARACTER_SET_CLIENT=@@CHARACTER_SET_CLIENT */;
/*!40101 SET @OLD_CHARACTER_SET_RESULTS=@@CHARACTER_SET_RESULTS */;
/*!40101 SET @OLD_COLLATION_CONNECTION=@@COLLATION_CONNECTION */;
/*!40101 SET NAMES utf8 */;

--
-- Database: `u425738095_sassd`
--

-- --------------------------------------------------------

--
-- Table structure for table `admin`
--

CREATE TABLE IF NOT EXISTS `admin` (
  `user_id` int(11) NOT NULL,
  `user_types_id` int(11) NOT NULL,
  PRIMARY KEY (`user_id`),
  KEY `fk_admin_user_types1_idx` (`user_types_id`)
) ENGINE=MyISAM DEFAULT CHARSET=utf8;

-- --------------------------------------------------------

--
-- Table structure for table `appointment`
--

CREATE TABLE IF NOT EXISTS `appointment` (
  `id` int(11) NOT NULL AUTO_INCREMENT,
  `start_time` timestamp NULL DEFAULT NULL,
  `end_time` timestamp NULL DEFAULT NULL,
  `course_id` int(11) NOT NULL,
  `tutor_user_id` int(11) NOT NULL,
  `term_id` int(11) NOT NULL,
  `label_message` varchar(25) NOT NULL DEFAULT 'pending',
  `label_color` varchar(15) NOT NULL DEFAULT 'default',
  PRIMARY KEY (`id`),
  KEY `fk_appointment_course1_idx` (`course_id`),
  KEY `fk_appointment_tutor1_idx` (`tutor_user_id`),
  KEY `fk_appointment_schedule1_idx` (`term_id`)
) ENGINE=MyISAM  DEFAULT CHARSET=utf8 AUTO_INCREMENT=341 ;

--
-- Dumping data for table `appointment`
--

INSERT INTO `appointment` (`id`, `start_time`, `end_time`, `course_id`, `tutor_user_id`, `term_id`, `label_message`, `label_color`) VALUES
(24, '2014-10-06 15:00:00', '2014-10-06 15:30:00', 16, 32, 2, 'complete', 'success'),
(60, '2014-10-15 13:00:00', '2014-10-15 13:30:00', 58, 34, 2, 'complete', 'success'),
(26, '2014-10-08 10:30:00', '2014-10-08 11:00:00', 26, 23, 2, 'complete', 'success'),
(27, '2014-10-06 13:00:00', '2014-10-06 14:00:00', 58, 34, 2, 'complete', 'success'),
(35, '2014-10-10 12:30:00', '2014-10-10 13:00:00', 26, 25, 2, 'complete', 'success'),
(34, '2014-10-10 12:00:00', '2014-10-10 12:30:00', 38, 40, 2, 'complete', 'success'),
(36, '2014-10-14 11:00:00', '2014-10-14 12:00:00', 154, 36, 2, 'complete', 'success'),
(37, '2014-10-14 12:00:00', '2014-10-14 12:30:00', 16, 22, 2, 'complete', 'success'),
(38, '2014-10-14 16:30:00', '2014-10-14 17:30:00', 58, 46, 2, 'complete', 'success'),
(39, '2014-10-13 12:00:00', '2014-10-13 13:00:00', 14, 31, 2, 'complete', 'success'),
(40, '2014-10-15 12:00:00', '2014-10-15 12:30:00', 14, 40, 2, 'complete', 'success'),
(41, '2014-10-15 13:30:00', '2014-10-15 14:00:00', 14, 40, 2, 'complete', 'success'),
(42, '2014-10-16 16:30:00', '2014-10-16 17:00:00', 154, 36, 2, 'complete', 'success'),
(43, '2014-10-16 11:00:00', '2014-10-16 11:30:00', 84, 36, 2, 'canceled by student', 'danger'),
(44, '2014-10-13 15:00:00', '2014-10-13 15:30:00', 14, 32, 2, 'complete', 'success'),
(45, '2014-10-21 16:30:00', '2014-10-21 17:30:00', 144, 55, 2, 'complete', 'success'),
(46, '2014-10-16 16:30:00', '2014-10-16 17:30:00', 58, 46, 2, 'complete', 'success'),
(47, '2014-10-17 11:00:00', '2014-10-17 12:00:00', 25, 25, 2, 'complete', 'success'),
(48, '2014-10-13 12:00:00', '2014-10-13 13:00:00', 28, 25, 2, 'complete', 'success'),
(49, '2014-10-13 13:30:00', '2014-10-13 14:00:00', 52, 30, 2, 'complete', 'success'),
(50, '2014-10-14 15:00:00', '2014-10-14 16:00:00', 12, 22, 2, 'complete', 'success'),
(51, '2014-10-13 14:00:00', '2014-10-13 15:00:00', 99, 42, 2, 'complete', 'success'),
(52, '2014-10-14 13:30:00', '2014-10-14 14:30:00', 155, 25, 2, 'complete', 'success'),
(53, '2014-10-13 15:30:00', '2014-10-13 16:00:00', 16, 46, 2, 'complete', 'success'),
(54, '2014-10-13 15:00:00', '2014-10-13 15:30:00', 16, 46, 2, 'complete', 'success'),
(55, '2014-10-15 15:00:00', '2014-10-15 16:00:00', 16, 32, 2, 'complete', 'success'),
(56, '2014-10-13 16:00:00', '2014-10-13 17:00:00', 15, 32, 2, 'complete', 'success'),
(57, '2014-10-14 13:30:00', '2014-10-14 14:00:00', 9, 22, 2, 'complete', 'success'),
(59, '2014-10-15 11:00:00', '2014-10-15 11:30:00', 172, 40, 2, 'complete', 'success'),
(61, '2014-10-13 12:00:00', '2014-10-13 12:30:00', 26, 35, 2, 'complete', 'success'),
(62, '2014-10-13 14:00:00', '2014-10-13 15:00:00', 84, 36, 2, 'complete', 'success'),
(63, '2014-10-15 12:00:00', '2014-10-15 13:00:00', 26, 25, 2, 'complete', 'success'),
(64, '2014-10-13 14:00:00', '2014-10-13 14:30:00', 126, 39, 2, 'complete', 'success'),
(65, '2014-10-14 14:00:00', '2014-10-14 15:00:00', 154, 36, 2, 'complete', 'success'),
(66, '2014-10-15 15:30:00', '2014-10-15 16:00:00', 26, 24, 2, 'complete', 'success'),
(67, '2014-10-14 16:00:00', '2014-10-14 17:00:00', 12, 22, 2, 'complete', 'success'),
(68, '2014-10-15 14:00:00', '2014-10-15 14:30:00', 100, 42, 2, 'complete', 'success'),
(69, '2014-10-15 14:00:00', '2014-10-15 14:30:00', 126, 39, 2, 'complete', 'success'),
(70, '2014-10-16 16:00:00', '2014-10-16 17:00:00', 12, 22, 2, 'complete', 'success'),
(71, '2014-10-13 13:30:00', '2014-10-13 14:00:00', 14, 31, 2, 'complete', 'success'),
(72, '2014-10-17 13:00:00', '2014-10-17 14:00:00', 58, 34, 2, 'complete', 'success'),
(73, '2014-10-17 12:00:00', '2014-10-17 13:00:00', 17, 46, 2, 'complete', 'success'),
(74, '2014-10-20 14:30:00', '2014-10-20 15:00:00', 114, 28, 2, 'complete', 'success'),
(75, '2014-10-21 15:00:00', '2014-10-21 15:30:00', 16, 22, 2, 'complete', 'success'),
(76, '2014-10-13 12:00:00', '2014-10-13 13:00:00', 65, 41, 2, 'complete', 'success'),
(77, '2014-10-14 13:30:00', '2014-10-14 14:00:00', 14, 40, 2, 'complete', 'success'),
(78, '2014-10-20 12:00:00', '2014-10-20 12:30:00', 58, 34, 2, 'complete', 'success'),
(79, '2014-10-20 15:00:00', '2014-10-20 16:00:00', 58, 46, 2, 'complete', 'success'),
(80, '2014-10-14 17:30:00', '2014-10-14 18:00:00', 172, 51, 2, 'complete', 'success'),
(81, '2014-10-15 16:00:00', '2014-10-15 16:30:00', 14, 32, 2, 'complete', 'success'),
(82, '2014-10-14 14:00:00', '2014-10-14 15:00:00', 154, 40, 2, 'complete', 'success'),
(207, '2014-10-20 15:00:00', '2014-10-20 15:30:00', 26, 24, 2, 'complete', 'success'),
(84, '2014-10-14 12:30:00', '2014-10-14 13:30:00', 11, 22, 2, 'complete', 'success'),
(85, '2014-10-16 15:00:00', '2014-10-16 16:00:00', 16, 22, 2, 'canceled by student', 'danger'),
(86, '2014-10-16 16:30:00', '2014-10-16 17:00:00', 11, 55, 2, 'canceled by student', 'danger'),
(87, '2014-10-14 17:00:00', '2014-10-14 17:30:00', 11, 22, 2, 'complete', 'success'),
(88, '2014-10-17 15:00:00', '2014-10-17 16:00:00', 42, 32, 2, 'canceled by student', 'danger'),
(89, '2014-10-20 18:00:00', '2014-10-20 19:00:00', 127, 39, 2, 'complete', 'success'),
(90, '2014-10-14 13:30:00', '2014-10-14 14:00:00', 171, 42, 2, 'disabled by admin', 'danger'),
(91, '2014-10-14 13:00:00', '2014-10-14 13:30:00', 171, 53, 2, 'disabled by admin', 'danger'),
(92, '2014-10-14 13:30:00', '2014-10-14 15:00:00', 171, 53, 2, 'disabled by admin', 'danger'),
(93, '2014-10-16 12:30:00', '2014-10-16 15:00:00', 171, 53, 2, 'disabled by admin', 'danger'),
(94, '2014-10-17 12:00:00', '2014-10-17 13:00:00', 171, 35, 2, 'disabled by admin', 'danger'),
(95, '2014-10-14 14:00:00', '2014-10-14 15:00:00', 171, 31, 2, 'disabled by admin', 'danger'),
(98, '2014-10-16 13:30:00', '2014-10-16 14:00:00', 12, 22, 2, 'complete', 'success'),
(99, '2014-10-14 15:30:00', '2014-10-14 17:30:00', 171, 27, 2, 'canceled by tutor', 'danger'),
(100, '2014-10-14 14:30:00', '2014-10-14 16:00:00', 171, 35, 2, 'canceled by tutor', 'danger'),
(101, '2014-10-24 11:30:00', '2014-10-24 12:30:00', 17, 46, 2, 'pending', 'default'),
(102, '2014-10-22 15:00:00', '2014-10-22 16:00:00', 17, 46, 2, 'pending', 'default'),
(103, '2014-10-15 15:00:00', '2014-10-15 16:00:00', 17, 46, 2, 'complete', 'success'),
(104, '2014-10-15 13:00:00', '2014-10-15 14:00:00', 84, 36, 2, 'complete', 'success'),
(105, '2014-10-15 11:00:00', '2014-10-15 12:00:00', 59, 36, 2, 'complete', 'success'),
(106, '2014-10-21 15:30:00', '2014-10-21 16:30:00', 12, 22, 2, 'complete', 'success'),
(107, '2014-10-15 16:30:00', '2014-10-15 17:00:00', 14, 32, 2, 'complete', 'success'),
(108, '2014-10-23 12:00:00', '2014-10-23 13:00:00', 16, 22, 2, 'pending', 'default'),
(109, '2014-10-16 14:30:00', '2014-10-16 15:00:00', 14, 43, 2, 'complete', 'success'),
(110, '2014-10-21 16:30:00', '2014-10-21 17:30:00', 58, 46, 2, 'complete', 'success'),
(111, '2014-10-17 14:00:00', '2014-10-17 15:00:00', 16, 34, 2, 'complete', 'success'),
(112, '2014-10-16 13:00:00', '2014-10-16 13:30:00', 9, 22, 2, 'complete', 'success'),
(115, '2014-10-15 10:00:00', '2014-10-15 11:00:00', 26, 23, 2, 'complete', 'success'),
(113, '2014-10-16 13:30:00', '2014-10-16 14:30:00', 14, 40, 2, 'complete', 'success'),
(129, '2014-10-20 13:00:00', '2014-10-20 13:30:00', 171, 34, 2, 'complete', 'success'),
(114, '2014-10-16 16:00:00', '2014-10-16 17:00:00', 172, 51, 2, 'canceled by student', 'danger'),
(116, '2014-10-15 14:00:00', '2014-10-15 14:30:00', 68, 36, 2, 'complete', 'success'),
(117, '2014-10-16 14:00:00', '2014-10-16 14:30:00', 68, 36, 2, 'complete', 'success'),
(118, '2014-10-16 17:00:00', '2014-10-16 17:30:00', 9, 22, 2, 'complete', 'success'),
(153, '2014-10-22 14:00:00', '2014-10-22 15:00:00', 58, 34, 2, 'pending', 'default'),
(130, '2014-10-20 13:30:00', '2014-10-20 14:00:00', 171, 34, 2, 'complete', 'success'),
(128, '2014-10-15 14:30:00', '2014-10-15 15:00:00', 100, 42, 2, 'complete', 'success'),
(127, '2014-10-16 15:00:00', '2014-10-16 16:00:00', 16, 22, 2, 'canceled by tutor', 'danger'),
(131, '2014-10-16 15:00:00', '2014-10-16 15:30:00', 11, 22, 2, 'complete', 'success'),
(132, '2014-10-16 15:30:00', '2014-10-16 16:00:00', 11, 22, 2, 'complete', 'success'),
(133, '2014-10-20 13:00:00', '2014-10-20 13:30:00', 171, 31, 2, 'canceled by tutor', 'danger'),
(134, '2014-10-20 13:30:00', '2014-10-20 14:00:00', 171, 31, 2, 'canceled by tutor', 'danger'),
(135, '2014-10-23 15:00:00', '2014-10-23 16:00:00', 171, 22, 2, 'canceled by tutor', 'danger'),
(136, '2014-10-23 15:00:00', '2014-10-23 16:00:00', 171, 43, 2, 'canceled by tutor', 'danger'),
(138, '2014-10-21 16:30:00', '2014-10-21 17:30:00', 9, 22, 2, 'complete', 'success'),
(139, '2014-10-15 12:00:00', '2014-10-15 13:00:00', 171, 35, 2, 'disabled by admin', 'danger'),
(140, '2014-10-16 14:30:00', '2014-10-16 15:00:00', 162, 35, 2, 'complete', 'success'),
(141, '2014-10-16 16:30:00', '2014-10-16 17:30:00', 171, 55, 2, 'canceled by tutor', 'danger'),
(142, '2014-10-15 17:30:00', '2014-10-15 18:00:00', 26, 27, 2, 'complete', 'success'),
(143, '2014-10-15 15:00:00', '2014-10-15 15:30:00', 40, 26, 2, 'complete', 'success'),
(144, '2014-10-17 14:00:00', '2014-10-17 15:00:00', 26, 24, 2, 'complete', 'success'),
(145, '2014-10-17 15:00:00', '2014-10-17 16:00:00', 26, 24, 2, 'complete', 'success'),
(146, '2014-10-17 12:00:00', '2014-10-17 13:00:00', 26, 25, 2, 'complete', 'success'),
(147, '2014-10-17 11:00:00', '2014-10-17 12:00:00', 27, 35, 2, 'complete', 'success'),
(148, '2014-10-17 13:00:00', '2014-10-17 14:00:00', 26, 27, 2, 'complete', 'success'),
(149, '2014-10-17 13:00:00', '2014-10-17 13:30:00', 105, 45, 2, 'complete', 'success'),
(150, '2014-10-17 12:00:00', '2014-10-17 13:00:00', 14, 40, 2, 'complete', 'success'),
(151, '2014-10-22 13:00:00', '2014-10-22 14:00:00', 58, 34, 2, 'pending', 'default'),
(152, '2014-10-17 13:00:00', '2014-10-17 13:30:00', 58, 46, 2, 'complete', 'success'),
(154, '2014-10-21 14:00:00', '2014-10-21 15:00:00', 59, 36, 2, 'canceled by student', 'danger'),
(155, '2014-10-23 14:00:00', '2014-10-23 15:00:00', 59, 36, 2, 'pending', 'default'),
(156, '2014-10-21 11:00:00', '2014-10-21 12:00:00', 68, 36, 2, 'complete', 'success'),
(158, '2014-10-21 13:30:00', '2014-10-21 14:00:00', 11, 22, 2, 'complete', 'success'),
(159, '2014-10-17 10:30:00', '2014-10-17 11:00:00', 113, 29, 2, 'complete', 'success'),
(160, '2014-10-17 16:00:00', '2014-10-17 17:00:00', 15, 32, 2, 'complete', 'success'),
(161, '2014-10-15 18:00:00', '2014-10-15 19:00:00', 14, 32, 2, 'complete', 'success'),
(162, '2014-10-16 14:00:00', '2014-10-16 15:00:00', 14, 31, 2, 'complete', 'success'),
(163, '2014-10-16 12:00:00', '2014-10-16 12:30:00', 172, 23, 2, 'complete', 'success'),
(164, '2014-10-16 13:00:00', '2014-10-16 13:30:00', 14, 40, 2, 'complete', 'success'),
(165, '2014-10-21 11:00:00', '2014-10-21 12:00:00', 65, 41, 2, 'complete', 'success'),
(166, '2014-10-16 17:00:00', '2014-10-16 17:30:00', 38, 36, 2, 'complete', 'success'),
(167, '2014-10-20 12:00:00', '2014-10-20 13:00:00', 172, 25, 2, 'complete', 'success'),
(168, '2014-10-14 13:30:00', '2014-10-14 14:00:00', 160, 35, 2, 'complete', 'success'),
(169, '2014-10-14 14:00:00', '2014-10-14 14:30:00', 161, 35, 2, 'complete', 'success'),
(170, '2014-10-16 13:30:00', '2014-10-16 14:00:00', 160, 35, 2, 'complete', 'success'),
(171, '2014-10-16 14:00:00', '2014-10-16 14:30:00', 161, 35, 2, 'complete', 'success'),
(172, '2014-10-21 13:30:00', '2014-10-21 14:00:00', 160, 35, 2, 'complete', 'success'),
(173, '2014-10-21 14:00:00', '2014-10-21 14:30:00', 161, 35, 2, 'complete', 'success'),
(174, '2014-10-21 14:30:00', '2014-10-21 15:00:00', 162, 35, 2, 'complete', 'success'),
(175, '2014-10-23 14:30:00', '2014-10-23 15:00:00', 162, 35, 2, 'pending', 'default'),
(176, '2014-10-13 15:00:00', '2014-10-13 15:30:00', 163, 49, 2, 'complete', 'success'),
(177, '2014-10-15 15:00:00', '2014-10-15 15:30:00', 164, 49, 2, 'complete', 'success'),
(178, '2014-10-17 15:00:00', '2014-10-17 16:00:00', 165, 49, 2, 'complete', 'success'),
(179, '2014-10-17 16:00:00', '2014-10-17 17:00:00', 166, 49, 2, 'complete', 'success'),
(180, '2014-10-22 12:00:00', '2014-10-22 13:00:00', 75, 36, 2, 'pending', 'default'),
(181, '2014-10-20 15:30:00', '2014-10-20 16:00:00', 16, 32, 2, 'canceled by tutor', 'danger'),
(182, '2014-10-21 14:00:00', '2014-10-21 14:30:00', 46, 31, 2, 'complete', 'success'),
(183, '2014-10-23 13:30:00', '2014-10-23 14:00:00', 160, 35, 2, 'pending', 'default'),
(184, '2014-10-23 14:00:00', '2014-10-23 14:30:00', 161, 35, 2, 'pending', 'default'),
(185, '2014-10-16 14:00:00', '2014-10-16 14:30:00', 18, 22, 2, 'complete', 'success'),
(186, '2014-10-23 16:30:00', '2014-10-23 17:30:00', 12, 55, 2, 'pending', 'default'),
(187, '2014-10-16 12:00:00', '2014-10-16 13:00:00', 12, 22, 2, 'complete', 'success'),
(188, '2014-10-21 14:00:00', '2014-10-21 15:00:00', 14, 53, 2, 'complete', 'success'),
(189, '2014-10-21 14:30:00', '2014-10-21 15:00:00', 14, 31, 2, 'complete', 'success'),
(190, '2014-10-23 14:00:00', '2014-10-23 15:00:00', 14, 31, 2, 'pending', 'default'),
(191, '2014-10-16 23:30:00', '2014-10-17 00:00:00', 172, 23, 2, 'complete', 'success'),
(192, '2014-10-23 16:00:00', '2014-10-23 17:00:00', 11, 22, 2, 'pending', 'default'),
(194, '2014-10-22 14:30:00', '2014-10-22 15:30:00', 59, 36, 2, 'pending', 'default'),
(195, '2014-10-17 15:00:00', '2014-10-17 16:00:00', 154, 40, 2, 'complete', 'success'),
(196, '2014-10-21 10:00:00', '2014-10-21 11:00:00', 25, 25, 2, 'complete', 'success'),
(197, '2014-10-20 12:00:00', '2014-10-20 12:30:00', 40, 26, 2, 'complete', 'success'),
(198, '2014-10-20 15:00:00', '2014-10-20 16:00:00', 27, 40, 2, 'complete', 'success'),
(200, '2014-10-20 13:00:00', '2014-10-20 13:30:00', 114, 28, 2, 'complete', 'success'),
(201, '2014-10-21 12:00:00', '2014-10-21 13:00:00', 9, 22, 2, 'no show by student', 'danger'),
(202, '2014-10-29 16:30:00', '2014-10-29 17:00:00', 156, 39, 2, 'pending', 'default'),
(203, '2014-10-20 16:00:00', '2014-10-20 16:30:00', 173, 27, 2, 'complete', 'success'),
(204, '2014-10-20 13:00:00', '2014-10-20 14:00:00', 26, 35, 2, 'complete', 'success'),
(206, '2014-09-22 12:30:00', '2014-09-22 13:30:00', 14, 31, 2, 'complete', 'success'),
(208, '2014-10-21 14:30:00', '2014-10-21 15:00:00', 104, 45, 2, 'complete', 'success'),
(209, '2014-10-21 12:00:00', '2014-10-21 13:00:00', 9, 22, 2, 'complete', 'success'),
(210, '2014-09-22 14:30:00', '2014-09-22 15:00:00', 41, 49, 2, 'complete', 'success'),
(211, '2014-10-20 16:00:00', '2014-10-20 17:00:00', 15, 32, 2, 'canceled by tutor', 'danger'),
(212, '2014-10-21 11:00:00', '2014-10-21 11:30:00', 26, 23, 2, 'complete', 'success'),
(213, '2014-10-22 17:00:00', '2014-10-22 18:00:00', 26, 27, 2, 'pending', 'default'),
(214, '2014-10-21 14:00:00', '2014-10-21 15:00:00', 37, 40, 2, 'no show by student', 'danger'),
(220, '2014-10-20 10:00:00', '2014-10-20 12:00:00', 171, 23, 2, 'disabled by admin', 'danger'),
(221, '2014-09-23 03:00:00', '2014-09-23 03:30:00', 17, 22, 2, 'complete', 'success'),
(222, '2014-09-25 12:00:00', '2014-09-25 13:00:00', 16, 22, 2, 'complete', 'success'),
(223, '2014-09-25 14:30:00', '2014-09-25 15:00:00', 14, 31, 2, 'complete', 'success'),
(224, '2014-09-26 10:00:00', '2014-09-26 10:30:00', 172, 23, 2, 'complete', 'success'),
(225, '2014-09-26 13:00:00', '2014-09-26 13:30:00', 15, 34, 2, 'complete', 'success'),
(226, '2014-09-26 14:00:00', '2014-09-26 14:30:00', 102, 42, 2, 'complete', 'success'),
(227, '2014-09-26 14:00:00', '2014-09-26 14:30:00', 112, 49, 2, 'complete', 'success'),
(228, '2014-10-20 12:00:00', '2014-10-20 14:00:00', 171, 45, 2, 'complete', 'success'),
(229, '2014-09-29 10:00:00', '2014-09-29 10:30:00', 172, 23, 2, 'complete', 'success'),
(230, '2014-09-29 11:00:00', '2014-09-29 12:00:00', 14, 31, 2, 'complete', 'success'),
(231, '2014-09-29 12:30:00', '2014-09-29 13:00:00', 100, 42, 2, 'complete', 'success'),
(232, '2014-09-29 13:00:00', '2014-09-29 14:00:00', 58, 34, 2, 'complete', 'success'),
(233, '2014-09-30 12:00:00', '2014-09-30 13:00:00', 16, 22, 2, 'complete', 'success'),
(234, '2014-09-30 14:00:00', '2014-09-30 15:00:00', 154, 36, 2, 'complete', 'success'),
(235, '2014-09-30 15:00:00', '2014-09-30 16:00:00', 17, 22, 2, 'complete', 'success'),
(236, '2014-10-01 12:00:00', '2014-10-01 12:30:00', 14, 40, 2, 'complete', 'success'),
(237, '2014-10-01 13:00:00', '2014-10-01 13:30:00', 37, 36, 2, 'complete', 'success'),
(238, '2014-10-01 13:00:00', '2014-10-01 13:30:00', 15, 34, 2, 'complete', 'success'),
(239, '2014-10-01 13:30:00', '2014-10-01 14:30:00', 58, 34, 2, 'complete', 'success'),
(240, '2014-10-01 14:00:00', '2014-10-01 14:30:00', 112, 49, 2, 'complete', 'success'),
(241, '2014-10-01 14:00:00', '2014-10-01 14:30:00', 159, 24, 2, 'complete', 'success'),
(242, '2014-10-01 15:00:00', '2014-10-01 16:00:00', 61, 36, 2, 'complete', 'success'),
(243, '2014-10-20 16:00:00', '2014-10-20 17:00:00', 126, 39, 2, 'complete', 'success'),
(244, '2014-10-01 16:00:00', '2014-10-01 17:00:00', 15, 32, 2, 'complete', 'success'),
(245, '2014-10-20 16:30:00', '2014-10-20 17:00:00', 61, 36, 2, 'complete', 'success'),
(246, '2014-10-01 17:00:00', '2014-10-01 17:30:00', 26, 27, 2, 'complete', 'success'),
(247, '2014-10-02 12:00:00', '2014-10-02 13:00:00', 16, 22, 2, 'complete', 'success'),
(248, '2014-10-20 14:00:00', '2014-10-20 15:00:00', 100, 42, 2, 'complete', 'success'),
(249, '2014-10-02 14:30:00', '2014-10-02 15:00:00', 14, 40, 2, 'complete', 'success'),
(250, '2014-10-02 15:00:00', '2014-10-02 16:00:00', 12, 22, 2, 'complete', 'success'),
(251, '2014-10-20 15:00:00', '2014-10-20 16:00:00', 15, 43, 2, 'complete', 'success'),
(303, '2014-10-21 12:00:00', '2014-10-21 12:30:00', 172, 25, 2, 'complete', 'success'),
(253, '2014-10-20 15:00:00', '2014-10-20 17:00:00', 171, 32, 2, 'complete', 'success'),
(254, '2014-10-03 10:00:00', '2014-10-03 10:30:00', 172, 23, 2, 'complete', 'success'),
(255, '2014-10-03 12:00:00', '2014-10-03 12:30:00', 17, 46, 2, 'complete', 'success'),
(256, '2014-10-03 13:00:00', '2014-10-03 13:30:00', 15, 32, 2, 'complete', 'success'),
(257, '2014-10-03 14:00:00', '2014-10-03 14:30:00', 102, 42, 2, 'complete', 'success'),
(258, '2014-10-03 14:30:00', '2014-10-03 15:00:00', 44, 49, 2, 'complete', 'success'),
(259, '2014-10-03 15:00:00', '2014-10-03 15:30:00', 14, 43, 2, 'complete', 'success'),
(260, '2014-10-03 16:00:00', '2014-10-03 17:00:00', 14, 32, 2, 'complete', 'success'),
(261, '2014-10-03 17:00:00', '2014-10-03 18:00:00', 14, 40, 2, 'complete', 'success'),
(262, '2014-10-06 10:00:00', '2014-10-06 10:30:00', 172, 23, 2, 'complete', 'success'),
(263, '2014-10-06 11:00:00', '2014-10-06 11:30:00', 41, 35, 2, 'complete', 'success'),
(264, '2014-10-06 11:00:00', '2014-10-06 11:30:00', 26, 25, 2, 'complete', 'success'),
(265, '2014-10-23 13:00:00', '2014-10-23 14:00:00', 12, 22, 2, 'pending', 'default'),
(266, '2014-10-06 12:00:00', '2014-10-06 12:30:00', 40, 26, 2, 'complete', 'success'),
(267, '2014-10-06 12:00:00', '2014-10-06 13:00:00', 101, 42, 2, 'complete', 'success'),
(268, '2014-10-06 13:00:00', '2014-10-06 14:00:00', 15, 32, 2, 'complete', 'success'),
(269, '2014-10-27 12:00:00', '2014-10-27 13:00:00', 58, 34, 2, 'pending', 'default'),
(270, '2014-10-20 11:30:00', '2014-10-20 12:00:00', 172, 25, 2, 'complete', 'success'),
(271, '2014-10-20 12:30:00', '2014-10-20 13:00:00', 73, 26, 2, 'complete', 'success'),
(272, '2014-10-06 13:00:00', '2014-10-06 13:30:00', 26, 35, 2, 'complete', 'success'),
(273, '2014-10-23 11:00:00', '2014-10-23 12:00:00', 68, 41, 2, 'pending', 'default'),
(274, '2014-10-22 14:00:00', '2014-10-22 14:30:00', 26, 24, 2, 'pending', 'default'),
(275, '2014-10-21 12:30:00', '2014-10-21 13:30:00', 14, 53, 2, 'complete', 'success'),
(276, '2014-10-21 14:00:00', '2014-10-21 15:00:00', 172, 23, 2, 'complete', 'success'),
(277, '2014-10-22 12:00:00', '2014-10-22 13:00:00', 172, 25, 2, 'canceled by student', 'danger'),
(278, '2014-10-24 13:00:00', '2014-10-24 14:00:00', 26, 27, 2, 'pending', 'default'),
(279, '2014-10-24 13:00:00', '2014-10-24 14:00:00', 58, 34, 2, 'pending', 'default'),
(280, '2014-10-22 13:00:00', '2014-10-22 14:00:00', 26, 35, 2, 'pending', 'default'),
(281, '2014-10-23 13:00:00', '2014-10-23 14:00:00', 26, 23, 2, 'pending', 'default'),
(282, '2014-10-24 11:00:00', '2014-10-24 12:00:00', 177, 35, 2, 'pending', 'default'),
(283, '2014-10-23 17:00:00', '2014-10-23 17:30:00', 12, 22, 2, 'pending', 'default'),
(284, '2014-10-22 14:30:00', '2014-10-22 15:00:00', 100, 42, 2, 'pending', 'default'),
(285, '2014-10-28 16:30:00', '2014-10-28 17:30:00', 58, 46, 2, 'pending', 'default'),
(286, '2014-10-22 15:00:00', '2014-10-22 16:00:00', 26, 49, 2, 'pending', 'default'),
(287, '2014-10-27 15:00:00', '2014-10-27 16:00:00', 58, 46, 2, 'pending', 'default'),
(288, '2014-10-23 13:00:00', '2014-10-23 13:30:00', 53, 30, 2, 'pending', 'default'),
(289, '2014-10-06 14:00:00', '2014-10-06 15:00:00', 58, 46, 2, 'complete', 'success'),
(290, '2014-10-22 15:00:00', '2014-10-22 15:30:00', 14, 43, 2, 'pending', 'default'),
(291, '2014-10-24 15:00:00', '2014-10-24 15:30:00', 26, 24, 2, 'pending', 'default'),
(292, '2014-10-06 15:00:00', '2014-10-06 16:00:00', 112, 49, 2, 'complete', 'success'),
(293, '2014-10-06 15:30:00', '2014-10-06 16:00:00', 58, 46, 2, 'complete', 'success'),
(294, '2014-10-07 09:30:00', '2014-10-07 10:00:00', 14, 31, 2, 'complete', 'success'),
(295, '2014-10-20 10:00:00', '2014-10-20 10:30:00', 14, 31, 2, 'complete', 'success'),
(296, '2014-10-07 23:00:00', '2014-10-08 00:00:00', 65, 36, 2, 'complete', 'success'),
(297, '2014-10-08 00:30:00', '2014-10-08 01:30:00', 14, 40, 2, 'complete', 'success'),
(298, '2014-10-20 13:00:00', '2014-10-20 14:00:00', 16, 22, 2, 'complete', 'success'),
(299, '2014-10-07 14:00:00', '2014-10-07 14:30:00', 154, 36, 2, 'complete', 'success'),
(300, '2014-10-07 14:00:00', '2014-10-07 14:30:00', 14, 40, 2, 'complete', 'success'),
(301, '2014-10-20 16:30:00', '2014-10-20 17:30:00', 172, 27, 2, 'complete', 'success'),
(302, '2014-10-20 16:00:00', '2014-10-20 17:00:00', 15, 43, 2, 'complete', 'success'),
(304, '2014-10-23 15:30:00', '2014-10-23 16:00:00', 26, 27, 2, 'pending', 'default'),
(305, '2014-10-23 16:00:00', '2014-10-23 16:30:00', 26, 27, 2, 'pending', 'default'),
(306, '2014-10-22 15:30:00', '2014-10-22 16:00:00', 126, 39, 2, 'pending', 'default'),
(307, '2014-10-24 12:00:00', '2014-10-24 12:30:00', 26, 25, 2, 'pending', 'default'),
(308, '2014-10-27 13:00:00', '2014-10-27 14:00:00', 58, 34, 2, 'pending', 'default'),
(309, '2014-10-29 13:00:00', '2014-10-29 14:00:00', 58, 34, 2, 'pending', 'default'),
(310, '2014-10-22 13:00:00', '2014-10-22 14:00:00', 68, 36, 2, 'pending', 'default'),
(311, '2014-10-23 11:30:00', '2014-10-23 12:00:00', 175, 23, 2, 'pending', 'default'),
(312, '2014-10-27 15:00:00', '2014-10-27 16:00:00', 16, 32, 2, 'pending', 'default'),
(313, '2014-10-27 16:00:00', '2014-10-27 16:30:00', 16, 32, 2, 'pending', 'default'),
(314, '2014-10-22 11:00:00', '2014-10-22 12:00:00', 84, 36, 2, 'pending', 'default'),
(315, '2014-10-29 15:30:00', '2014-10-29 16:00:00', 17, 46, 2, 'pending', 'default'),
(316, '2014-10-23 16:30:00', '2014-10-23 17:30:00', 84, 36, 2, 'pending', 'default'),
(317, '2014-10-23 16:30:00', '2014-10-23 17:00:00', 26, 27, 2, 'pending', 'default'),
(318, '2014-10-30 16:30:00', '2014-10-30 17:00:00', 58, 46, 2, 'pending', 'default'),
(319, '2014-10-24 13:00:00', '2014-10-24 14:00:00', 26, 35, 2, 'pending', 'default'),
(320, '2014-10-22 15:30:00', '2014-10-22 16:00:00', 14, 43, 2, 'pending', 'default'),
(321, '2014-10-24 15:30:00', '2014-10-24 16:00:00', 26, 49, 2, 'pending', 'default'),
(322, '2014-10-23 14:00:00', '2014-10-23 14:30:00', 149, 59, 2, 'pending', 'default'),
(323, '2014-10-23 12:00:00', '2014-10-23 13:00:00', 65, 41, 2, 'pending', 'default'),
(324, '2014-10-23 14:00:00', '2014-10-23 14:30:00', 178, 23, 2, 'pending', 'default'),
(325, '2014-11-04 10:00:00', '2014-11-04 11:00:00', 172, 25, 2, 'pending', 'default'),
(327, '2014-10-23 12:30:00', '2014-10-23 13:00:00', 14, 53, 2, 'pending', 'default'),
(328, '2014-10-24 15:00:00', '2014-10-24 15:30:00', 33, 25, 2, 'pending', 'default'),
(329, '2014-10-23 14:00:00', '2014-10-23 15:00:00', 14, 53, 2, 'pending', 'default'),
(330, '2014-10-23 16:30:00', '2014-10-23 17:30:00', 16, 46, 2, 'pending', 'default'),
(331, '2014-10-28 15:00:00', '2014-10-28 16:00:00', 16, 22, 2, 'pending', 'default'),
(332, '2014-10-24 12:30:00', '2014-10-24 13:30:00', 46, 46, 2, 'pending', 'default'),
(333, '2014-10-27 13:00:00', '2014-10-27 14:00:00', 46, 31, 2, 'pending', 'default'),
(334, '2014-10-23 14:30:00', '2014-10-23 15:00:00', 148, 59, 2, 'pending', 'default'),
(335, '2014-10-24 10:00:00', '2014-10-24 11:00:00', 172, 23, 2, 'pending', 'default'),
(336, '2014-10-22 15:00:00', '2014-10-22 15:30:00', 33, 25, 2, 'pending', 'default'),
(337, '2014-10-23 17:00:00', '2014-10-23 17:30:00', 144, 27, 2, 'pending', 'default'),
(338, '2014-10-29 15:00:00', '2014-10-29 15:30:00', 58, 46, 2, 'pending', 'default'),
(339, '2014-10-30 17:00:00', '2014-10-30 17:30:00', 58, 46, 2, 'pending', 'default'),
(340, '2014-10-31 11:30:00', '2014-10-31 12:30:00', 58, 46, 2, 'pending', 'default');

-- --------------------------------------------------------

--
-- Table structure for table `appointment_has_student`
--

CREATE TABLE IF NOT EXISTS `appointment_has_student` (
  `id` int(11) NOT NULL AUTO_INCREMENT,
  `appointment_id` int(11) NOT NULL,
  `student_id` int(11) NOT NULL,
  `report_id` int(11) DEFAULT NULL,
  `instructor_id` int(11) NOT NULL,
  PRIMARY KEY (`id`),
  UNIQUE KEY `report_id_UNIQUE` (`report_id`),
  KEY `fk_appointment_has_student_student2_idx` (`student_id`),
  KEY `fk_appointment_has_student_appointment2_idx` (`appointment_id`),
  KEY `fk_appointment_has_student_report1_idx` (`report_id`),
  KEY `fk_appointment_has_student_instructor1_idx` (`instructor_id`)
) ENGINE=MyISAM  DEFAULT CHARSET=utf8 AUTO_INCREMENT=338 ;

--
-- Dumping data for table `appointment_has_student`
--

INSERT INTO `appointment_has_student` (`id`, `appointment_id`, `student_id`, `report_id`, `instructor_id`) VALUES
(8, 22, 8, NULL, 5),
(7, 21, 8, NULL, 5),
(10, 24, 9, 178, 6),
(11, 25, 8, 171, 5),
(12, 26, 10, 177, 7),
(13, 27, 11, 172, 8),
(14, 28, 8, NULL, 5),
(46, 60, 88, 220, 64),
(20, 34, 12, 176, 60),
(21, 35, 12, 175, 61),
(22, 36, 19, 192, 18),
(23, 37, 19, 194, 10),
(24, 38, 64, 207, 64),
(25, 39, 57, 185, 63),
(26, 40, 33, 216, 65),
(27, 41, 33, 219, 65),
(28, 42, 63, 248, 66),
(29, 43, 76, NULL, 18),
(30, 44, 28, 189, 10),
(31, 45, 77, 404, 67),
(32, 46, 70, 249, 8),
(33, 47, 65, 281, 38),
(34, 48, 78, 186, 68),
(35, 49, 56, 184, 62),
(36, 50, 79, 206, 69),
(37, 51, 80, 181, 70),
(38, 52, 81, 195, 71),
(39, 53, 82, 187, 17),
(40, 54, 82, 188, 17),
(41, 55, 9, 227, 6),
(42, 56, 83, 191, 17),
(43, 57, 84, 196, 69),
(44, 58, 8, NULL, 5),
(45, 59, 87, 213, 73),
(47, 61, 89, 179, 37),
(48, 62, 35, 182, 74),
(49, 63, 90, 217, 75),
(50, 64, 37, 180, 76),
(51, 65, 30, 202, 18),
(52, 66, 91, 226, 77),
(53, 67, 26, 208, 69),
(54, 68, 74, 225, 78),
(55, 69, 37, 223, 76),
(56, 70, 26, 251, 69),
(57, 71, 92, 183, 6),
(58, 72, 52, 289, 8),
(59, 73, 93, 286, 80),
(60, 74, 94, 356, 81),
(61, 75, 51, 401, 10),
(62, 76, 61, 190, 82),
(63, 77, 48, 197, 65),
(64, 78, 52, 351, 8),
(65, 79, 95, 365, 8),
(66, 80, 96, 209, 83),
(67, 81, 28, 232, 10),
(68, 82, 76, 203, 18),
(198, 206, 12, 299, 10),
(70, 84, 97, 193, 84),
(71, 85, 97, NULL, 6),
(72, 86, 97, NULL, 84),
(73, 87, 98, 210, 68),
(74, 88, 26, NULL, 85),
(75, 89, 85, 383, 76),
(76, 90, 86, NULL, 72),
(77, 91, 86, NULL, 72),
(78, 92, 86, NULL, 72),
(79, 93, 86, NULL, 72),
(80, 94, 86, NULL, 72),
(81, 95, 86, NULL, 72),
(82, 96, 8, NULL, 5),
(83, 96, 11, NULL, 10),
(84, 97, 8, NULL, 5),
(85, 98, 72, 261, 51),
(86, 99, 86, NULL, 72),
(87, 100, 86, NULL, 72),
(88, 101, 99, NULL, 80),
(89, 102, 99, NULL, 80),
(90, 103, 99, 229, 80),
(91, 104, 100, 221, 86),
(92, 105, 32, 214, 87),
(93, 106, 26, 400, 69),
(94, 107, 102, 231, 10),
(95, 108, 19, NULL, 10),
(96, 109, 103, 255, 17),
(97, 110, 70, 402, 8),
(98, 111, 97, 292, 6),
(99, 112, 84, 263, 69),
(100, 113, 48, 260, 65),
(101, 114, 96, NULL, 83),
(102, 115, 104, 215, 23),
(103, 116, 35, 224, 74),
(104, 117, 35, 258, 74),
(105, 118, 105, 246, 28),
(106, 119, 8, NULL, 5),
(107, 120, 8, NULL, 5),
(108, 121, 8, NULL, 5),
(109, 122, 8, NULL, 5),
(117, 130, 107, 358, 11),
(116, 129, 107, 359, 11),
(115, 128, 106, 222, 88),
(114, 127, 8, NULL, 5),
(118, 131, 98, 253, 68),
(119, 132, 98, 252, 68),
(120, 133, 86, NULL, 72),
(121, 134, 86, NULL, 72),
(122, 135, 86, NULL, 72),
(123, 136, 86, NULL, 72),
(125, 138, 41, 403, 84),
(126, 139, 86, NULL, 72),
(127, 140, 126, 254, 72),
(128, 141, 86, NULL, 72),
(129, 142, 104, 233, 23),
(130, 143, 8, 230, 66),
(131, 144, 109, 293, 75),
(132, 144, 111, 294, 75),
(133, 144, 110, 295, 75),
(134, 145, 112, 296, 75),
(135, 146, 113, 283, 75),
(136, 147, 114, 282, 7),
(137, 148, 115, 290, 75),
(138, 149, 116, 288, 89),
(139, 150, 117, 284, 17),
(140, 150, 118, 285, 17),
(141, 151, 88, NULL, 64),
(142, 152, 88, 291, 64),
(143, 153, 119, NULL, 8),
(144, 154, 55, NULL, 82),
(145, 155, 55, NULL, 82),
(146, 156, 35, 385, 82),
(312, 315, 120, NULL, 10),
(148, 158, 120, 390, 90),
(149, 159, 121, 280, 91),
(150, 160, 83, 301, 17),
(151, 160, 122, 302, 17),
(152, 161, 123, 234, 92),
(153, 162, 124, 256, 93),
(154, 163, 26, 274, 37),
(155, 164, 33, 265, 65),
(156, 165, 61, 386, 82),
(157, 166, 125, 247, 40),
(158, 167, 78, 352, 68),
(159, 168, 126, 277, 94),
(160, 169, 126, 276, 94),
(161, 170, 126, 262, 94),
(162, 171, 126, 259, 94),
(163, 172, 126, 391, 94),
(164, 173, 126, 397, 94),
(165, 174, 126, 394, 94),
(166, 175, 126, NULL, 94),
(167, 176, 126, 235, 94),
(168, 177, 126, 275, 94),
(169, 178, 126, 297, 94),
(170, 179, 126, 303, 94),
(171, 180, 127, NULL, 18),
(172, 181, 128, NULL, 80),
(173, 182, 128, 398, 95),
(174, 183, 126, NULL, 94),
(175, 184, 126, NULL, 94),
(176, 185, 129, 257, 75),
(177, 186, 66, NULL, 28),
(178, 187, 66, 272, 28),
(179, 188, 20, 399, 6),
(180, 189, 124, 395, 93),
(181, 190, 124, NULL, 93),
(182, 191, 44, 279, 57),
(183, 192, 98, NULL, 68),
(185, 194, 32, NULL, 82),
(186, 195, 130, 298, 16),
(187, 196, 65, 384, 38),
(188, 197, 132, 353, 66),
(189, 198, 132, 362, 7),
(191, 200, 89, 360, 96),
(192, 201, 52, NULL, 30),
(193, 202, 133, NULL, 94),
(194, 203, 129, 374, 55),
(195, 203, 134, 375, 33),
(196, 204, 135, 361, 7),
(199, 207, 137, 366, 7),
(200, 208, 137, 393, 97),
(201, 209, 9, 392, 30),
(202, 210, 13, 300, 98),
(203, 211, 83, NULL, 17),
(204, 212, 138, 387, 7),
(205, 213, 140, NULL, 7),
(206, 213, 139, NULL, 7),
(207, 213, 141, NULL, 7),
(208, 214, 142, NULL, 60),
(214, 220, 86, NULL, 94),
(215, 221, 14, 309, 80),
(216, 222, 19, 308, 10),
(217, 223, 20, 330, 6),
(218, 224, 24, 329, 68),
(219, 225, 21, 328, 17),
(220, 226, 44, 326, 31),
(221, 227, 23, 327, 100),
(222, 228, 86, 354, 94),
(223, 229, 24, 325, 68),
(224, 230, 25, 324, 20),
(225, 231, 26, 323, 68),
(226, 232, 27, 322, 8),
(227, 233, 19, 321, 10),
(228, 234, 30, 320, 18),
(229, 235, 14, 319, 80),
(230, 236, 33, 318, 65),
(231, 237, 22, 316, 60),
(232, 238, 21, 317, 17),
(233, 239, 34, 315, 8),
(234, 240, 23, 314, 100),
(235, 241, 69, 313, 94),
(236, 242, 36, 312, 103),
(237, 243, 37, 376, 76),
(238, 244, 83, 311, 17),
(239, 245, 38, 373, 82),
(240, 246, 39, 349, 7),
(241, 247, 19, 348, 10),
(242, 248, 40, 357, 78),
(243, 249, 20, 347, 6),
(244, 250, 26, 346, 69),
(245, 251, 83, 363, 17),
(299, 302, 83, 377, 17),
(247, 253, 86, 364, 94),
(248, 254, 24, 345, 68),
(249, 255, 43, 344, 6),
(250, 256, 83, 343, 17),
(251, 257, 44, 342, 31),
(252, 258, 45, 341, 102),
(253, 259, 46, 340, 63),
(254, 260, 47, 339, 93),
(255, 261, 48, 338, 65),
(256, 262, 24, 337, 68),
(257, 263, 49, 335, 98),
(258, 264, 10, 336, 7),
(259, 265, 143, NULL, 30),
(260, 266, 49, 333, 66),
(261, 267, 130, 334, 68),
(262, 268, 83, 332, 17),
(263, 269, 64, NULL, 64),
(264, 270, 144, 331, 104),
(265, 271, 145, 350, 21),
(266, 272, 50, 355, 7),
(267, 273, 18, NULL, 82),
(268, 274, 146, NULL, 107),
(269, 275, 57, 388, 63),
(270, 276, 78, 396, 68),
(271, 277, 78, NULL, 68),
(272, 278, 50, NULL, 7),
(273, 279, 68, NULL, 8),
(274, 280, 147, NULL, 7),
(275, 280, 92, NULL, 7),
(276, 281, 149, NULL, 7),
(277, 281, 148, NULL, 7),
(278, 282, 31, NULL, 101),
(279, 283, 26, NULL, 69),
(280, 284, 106, NULL, 88),
(281, 285, 70, NULL, 8),
(282, 286, 150, NULL, 7),
(283, 287, 95, NULL, 8),
(284, 287, 10, NULL, 8),
(285, 288, 23, NULL, 108),
(286, 289, 51, 371, 11),
(287, 290, 27, NULL, 63),
(288, 291, 137, NULL, 7),
(289, 292, 138, 370, 102),
(290, 293, 52, 369, 8),
(291, 294, 53, 368, 65),
(292, 295, 54, 367, 65),
(293, 296, 55, 380, 82),
(294, 297, 57, 379, 63),
(295, 298, 19, 378, 10),
(296, 299, 30, 381, 18),
(297, 300, 20, 382, 6),
(298, 301, 152, 372, 58),
(300, 303, 153, 389, 109),
(301, 304, 155, NULL, 7),
(302, 305, 154, NULL, 7),
(303, 306, 155, NULL, 76),
(304, 307, 156, NULL, 7),
(305, 308, 92, NULL, 8),
(306, 309, 92, NULL, 8),
(307, 310, 35, NULL, 82),
(308, 311, 157, NULL, 110),
(309, 312, 9, NULL, 6),
(310, 313, 128, NULL, 80),
(311, 314, 100, NULL, 86),
(313, 316, 30, NULL, 86),
(314, 317, 159, NULL, 7),
(315, 318, 160, NULL, 11),
(316, 319, 161, NULL, 107),
(317, 320, 162, NULL, 10),
(318, 321, 162, NULL, 37),
(319, 322, 142, NULL, 112),
(320, 323, 61, NULL, 82),
(321, 324, 163, NULL, 111),
(322, 325, 126, NULL, 59),
(324, 327, 57, NULL, 63),
(325, 328, 165, NULL, 12),
(326, 329, 20, NULL, 6),
(327, 330, 166, NULL, 80),
(328, 331, 166, NULL, 80),
(329, 332, 167, NULL, 11),
(330, 333, 167, NULL, 11),
(331, 334, 168, NULL, 115),
(332, 335, 78, NULL, 68),
(333, 336, 169, NULL, 12),
(334, 337, 77, NULL, 67),
(335, 338, 70, NULL, 8),
(336, 339, 70, NULL, 8),
(337, 340, 70, NULL, 8);

-- --------------------------------------------------------

--
-- Table structure for table `conclusion_wrap_up`
--

CREATE TABLE IF NOT EXISTS `conclusion_wrap_up` (
  `report_id` int(11) NOT NULL,
  `questions_addressed` tinyint(1) NOT NULL DEFAULT '0',
  `another_schedule` tinyint(1) NOT NULL DEFAULT '0',
  `clarify_concerns` tinyint(1) NOT NULL DEFAULT '0',
  KEY `report_id` (`report_id`)
) ENGINE=MyISAM DEFAULT CHARSET=utf8 COLLATE=utf8_unicode_ci;

--
-- Dumping data for table `conclusion_wrap_up`
--

INSERT INTO `conclusion_wrap_up` (`report_id`, `questions_addressed`, `another_schedule`, `clarify_concerns`) VALUES
(234, 0, 0, 0),
(233, 0, 0, 0),
(232, 0, 0, 0),
(231, 0, 0, 0),
(230, 0, 0, 0),
(229, 0, 0, 0),
(296, 0, 0, 0),
(227, 0, 0, 0),
(226, 0, 0, 0),
(225, 1, 0, 0),
(224, 1, 1, 0),
(223, 0, 0, 0),
(222, 1, 1, 0),
(221, 0, 0, 0),
(220, 0, 0, 0),
(219, 0, 0, 0),
(298, 0, 0, 0),
(217, 0, 0, 0),
(216, 0, 0, 0),
(215, 1, 1, 0),
(214, 0, 0, 0),
(213, 0, 0, 0),
(212, 0, 0, 0),
(211, 0, 0, 0),
(210, 1, 1, 0),
(209, 0, 0, 0),
(208, 1, 0, 0),
(207, 0, 0, 0),
(206, 1, 0, 0),
(290, 0, 0, 0),
(292, 0, 0, 0),
(203, 1, 0, 0),
(202, 0, 0, 0),
(291, 1, 0, 0),
(295, 0, 0, 0),
(293, 0, 0, 0),
(294, 0, 0, 0),
(197, 0, 0, 0),
(196, 1, 0, 0),
(195, 0, 0, 0),
(194, 1, 1, 0),
(193, 1, 0, 0),
(192, 0, 0, 0),
(191, 0, 0, 0),
(190, 0, 0, 0),
(189, 0, 0, 0),
(188, 0, 0, 0),
(187, 0, 0, 0),
(186, 0, 0, 0),
(185, 1, 0, 0),
(184, 1, 0, 0),
(183, 1, 0, 0),
(182, 0, 0, 0),
(181, 0, 0, 0),
(180, 0, 0, 0),
(179, 0, 0, 0),
(178, 0, 0, 0),
(177, 0, 0, 0),
(176, 0, 0, 0),
(175, 0, 0, 0),
(173, 0, 0, 0),
(172, 0, 0, 0),
(171, 0, 0, 0),
(170, 0, 0, 0),
(235, 1, 0, 0),
(246, 1, 0, 0),
(247, 1, 0, 0),
(248, 1, 0, 0),
(249, 0, 0, 0),
(289, 0, 0, 0),
(251, 1, 0, 0),
(252, 0, 0, 0),
(253, 0, 0, 0),
(254, 0, 0, 0),
(255, 0, 0, 0),
(256, 1, 0, 0),
(257, 1, 0, 0),
(258, 1, 1, 0),
(259, 0, 0, 0),
(260, 0, 0, 0),
(261, 0, 0, 0),
(262, 0, 0, 0),
(263, 1, 0, 0),
(264, 0, 0, 0),
(265, 0, 0, 0),
(266, 0, 0, 0),
(267, 0, 0, 0),
(268, 0, 0, 0),
(269, 0, 0, 0),
(297, 0, 0, 0),
(270, 0, 0, 0),
(272, 0, 0, 0),
(273, 0, 0, 0),
(274, 0, 0, 0),
(275, 0, 0, 0),
(276, 0, 0, 0),
(277, 0, 0, 0),
(279, 0, 0, 0),
(280, 0, 0, 0),
(281, 0, 0, 0),
(282, 0, 0, 1),
(283, 0, 0, 0),
(284, 0, 0, 0),
(285, 0, 0, 0),
(286, 0, 0, 0),
(299, 1, 0, 0),
(288, 1, 0, 1),
(300, 0, 0, 0),
(301, 0, 0, 0),
(302, 0, 0, 0),
(303, 0, 0, 0),
(308, 0, 0, 0),
(309, 0, 0, 0),
(331, 0, 0, 0),
(311, 0, 0, 0),
(312, 0, 0, 0),
(313, 0, 0, 0),
(314, 0, 0, 0),
(315, 0, 0, 0),
(316, 0, 0, 0),
(317, 0, 0, 0),
(318, 0, 0, 0),
(319, 0, 0, 0),
(320, 0, 0, 0),
(321, 0, 0, 0),
(322, 0, 0, 0),
(323, 1, 1, 0),
(324, 0, 0, 0),
(325, 0, 0, 0),
(326, 1, 1, 0),
(327, 0, 0, 0),
(328, 0, 0, 0),
(329, 0, 0, 0),
(330, 0, 0, 0),
(332, 0, 0, 0),
(333, 0, 0, 0),
(334, 1, 1, 0),
(335, 0, 0, 0),
(336, 0, 0, 0),
(337, 0, 0, 0),
(338, 0, 0, 0),
(339, 0, 0, 0),
(340, 0, 0, 0),
(341, 0, 0, 0),
(342, 1, 1, 0),
(343, 0, 0, 0),
(344, 0, 0, 0),
(345, 0, 0, 0),
(346, 0, 0, 0),
(347, 0, 0, 0),
(348, 0, 0, 0),
(349, 0, 0, 0),
(350, 0, 0, 0),
(351, 0, 0, 0),
(352, 0, 0, 0),
(353, 0, 0, 0),
(354, 0, 0, 0),
(355, 0, 0, 0),
(356, 0, 0, 0),
(357, 1, 0, 0),
(358, 0, 0, 0),
(359, 0, 0, 0),
(360, 1, 0, 0),
(361, 1, 0, 0),
(362, 0, 0, 0),
(363, 0, 0, 0),
(364, 0, 0, 0),
(365, 0, 0, 0),
(366, 0, 0, 0),
(367, 0, 0, 0),
(368, 0, 0, 0),
(369, 0, 0, 0),
(370, 0, 0, 0),
(371, 0, 0, 0),
(372, 0, 0, 0),
(373, 0, 0, 0),
(374, 0, 0, 0),
(375, 0, 0, 0),
(376, 0, 0, 0),
(377, 0, 0, 0),
(378, 0, 0, 0),
(379, 0, 0, 0),
(380, 0, 0, 0),
(381, 0, 0, 0),
(382, 0, 0, 0),
(383, 0, 0, 0),
(384, 0, 0, 0),
(385, 0, 0, 0),
(386, 0, 0, 0),
(387, 0, 0, 0),
(388, 0, 0, 0),
(389, 0, 0, 0),
(390, 0, 0, 0),
(391, 0, 0, 0),
(392, 0, 0, 0),
(393, 1, 0, 1),
(394, 0, 0, 0),
(395, 0, 0, 0),
(396, 0, 0, 0),
(397, 0, 0, 0),
(398, 0, 0, 0),
(399, 0, 0, 0),
(400, 0, 0, 0),
(401, 0, 0, 0),
(402, 0, 0, 0),
(403, 0, 0, 0),
(404, 0, 0, 0);

-- --------------------------------------------------------

--
-- Table structure for table `course`
--

CREATE TABLE IF NOT EXISTS `course` (
  `id` int(11) NOT NULL AUTO_INCREMENT,
  `code` varchar(45) NOT NULL,
  `name` varchar(125) CHARACTER SET latin1 NOT NULL,
  `level` int(2) DEFAULT NULL,
  PRIMARY KEY (`id`),
  UNIQUE KEY `name_UNIQUE` (`name`),
  UNIQUE KEY `code_UNIQUE` (`code`)
) ENGINE=MyISAM  DEFAULT CHARSET=utf8 AUTO_INCREMENT=179 ;

--
-- Dumping data for table `course`
--

INSERT INTO `course` (`id`, `code`, `name`, `level`) VALUES
(9, 'AF2006', 'Financial Acounting', NULL),
(10, 'AF2020', 'Mathematics of Finance', NULL),
(11, 'AF3105', 'Principles of Finance', NULL),
(12, 'AF3116', 'Managerial Acounting for Decision Making', NULL),
(13, 'AF3131', 'Intermediate Accounting', NULL),
(14, 'MA1001', 'Finite Mathematics', NULL),
(15, 'MA1105', 'Applied Calculus', NULL),
(16, 'MA2118', 'Statistics for Business and Economics I', NULL),
(17, 'MA2219', 'Statistics for Business and Economics II', NULL),
(18, 'GE1000', 'German I', NULL),
(19, 'GE1101', 'German II', NULL),
(20, 'GE2202', 'German III', NULL),
(21, 'MG3343', 'Operations Management', NULL),
(22, 'EN2203', 'Morphology', NULL),
(23, 'EN2216', 'Introduction to Language', NULL),
(24, 'EN2220', 'English Literature from Chaucer to Swift', NULL),
(25, 'EN2305', 'Introduction to English Studies', NULL),
(26, 'WP1010', 'Introduction to Academic Writing', NULL),
(27, 'WP1111', 'Academic Writing', NULL),
(28, 'WP1212', 'Academic Writing and Research', NULL),
(29, 'CN2202', 'Writing for Mass Communication', NULL),
(30, 'CN2203', 'Fundamentals of Public Relations', NULL),
(31, 'CN3308', 'Issues in Context', NULL),
(32, 'EN3529', 'The Victorian World', NULL),
(33, 'EN3660', 'Criticism Theory and Practice', NULL),
(34, 'EN3357', 'Realism in 19th and 20th Century Theatre', NULL),
(35, 'BI1000', 'Introduction to Biology I', NULL),
(36, 'BI1101', 'Introduction to Biology II', NULL),
(37, 'PS1000', 'Psychology as a Natural Science', NULL),
(38, 'PS1001', 'Psychology as a Social Science', NULL),
(39, 'PS2210', 'History of Psychology', NULL),
(40, 'PS2236', 'Human Learning and Memory', NULL),
(41, 'PH2010', 'Ethics', NULL),
(42, 'PH2005', 'Business Ethics', NULL),
(43, 'PH2016', 'Philosophy and Cinema', NULL),
(44, 'PH2003', 'Internet and Philosophy', NULL),
(45, 'EN2321', 'English Literature from Romanticism to Modernism', NULL),
(46, 'EC1101', 'Principles of Macroeconomics', NULL),
(47, 'EC2011', 'Economic History of Europe', NULL),
(48, 'EC2270', 'Managerial Economics', NULL),
(49, 'EC2271', 'Macroeconomic Theory and Policy', NULL),
(50, 'EC2240', 'Money and Banking', NULL),
(51, 'EC3350', 'Mathematical Techniques in Economics', NULL),
(52, 'CN2305', 'Multimedia Lab', NULL),
(53, 'CN3225', 'Film Analysis', NULL),
(54, 'CN3322', 'Television Producing', NULL),
(55, 'CN4313', 'Brand Building In Advertising', NULL),
(56, 'CN3200', 'Creative Execution in Advertising', NULL),
(57, 'CN3940', 'Communication Seminar', NULL),
(58, 'EC1000', 'Principles of Microeconomics', NULL),
(59, 'PS2207', 'Developmental Psychology The Preschool Years', NULL),
(60, 'PS2257', 'Diversity Issues in Psychology', NULL),
(61, 'PS2318', 'Research Methods in Psychology', NULL),
(62, 'PS2230', 'Biopsychology', NULL),
(63, 'PS3208', 'Developmental Psychology Childhood and Adolescence', NULL),
(64, 'PS3544', 'Drug Addiction', NULL),
(65, 'PS2147', 'Analysis of Behavioral Data', NULL),
(66, 'PS3212', 'Theories of Personality', NULL),
(67, 'PS3324', 'Industrial Psychology', NULL),
(68, 'PS3332', 'Tests and Measurement', NULL),
(69, 'PS3349', 'Forensic Psychology', NULL),
(70, 'PS3413', 'Psychology of Language', NULL),
(71, 'PS3419', 'Health Psychology', NULL),
(72, 'PS3423', 'Stress and Coping', NULL),
(73, 'PS3426', 'Social Psychology Theories and Perspectives', NULL),
(74, 'PS3427', 'Social Interaction', NULL),
(75, 'PS3434', 'Experimental Cognitive Psychology', NULL),
(76, 'PS3437', 'Perception', NULL),
(77, 'PS3443', 'Childhood and Adolescence Psychopathology', NULL),
(78, 'PS3452', 'Schools of Psychotherapy', NULL),
(79, 'PS3458', 'Psychology of Consiousness', NULL),
(80, 'PS3559', 'Educational Psychology', NULL),
(81, 'PS3646', 'Psychological Aspects in Drawing and Play', NULL),
(82, 'PS4451', 'Abnormal Psychology', NULL),
(84, 'PS4539', 'Cognition', NULL),
(85, 'SP2206', 'Interpersonal Communication', NULL),
(86, 'CS1070', 'Introduction to Information Systems', NULL),
(87, 'ITC2188', 'Introduction to Programming', NULL),
(88, 'ITC2186', 'Computer System Architecture', NULL),
(89, 'ITC2276', 'C Language Programming', NULL),
(90, 'IT1000', 'Italian I', NULL),
(91, 'IT1101', 'Italian II', NULL),
(92, 'IT2202', 'Italian III', NULL),
(93, 'SP2300', 'Presentation Skills', NULL),
(94, 'SN1000', 'Spanish I', NULL),
(95, 'SN1101', 'Spanish II', NULL),
(96, 'AF3319', 'International Financial Management', NULL),
(97, 'AF3215', 'Cost Accounting', NULL),
(98, 'PO2004', 'Diplomacy', NULL),
(99, 'BU2002', 'Business Legal Issues', NULL),
(100, 'MG2034', 'Organizational Behavior', NULL),
(101, 'MG3131', 'Human Resources Management', NULL),
(102, 'MG2333', 'New Ventures Creation', NULL),
(103, 'MG3121', 'Leadership', NULL),
(104, 'AT1000', 'History of Art I', NULL),
(105, 'AT1001', 'History of Art II', NULL),
(106, 'AT1025', 'History of Architecture', NULL),
(107, 'AT2005', 'Art and Architecture of Ancient Greece', NULL),
(108, 'AH1000', 'Introduction to Archaeology', NULL),
(109, 'HY1000', 'Survey of Western Civilization I', NULL),
(110, 'HY1001', 'Survey of Western Civilization II', NULL),
(111, 'HY2080', 'Great Britain', NULL),
(112, 'PH1000', 'Introduction to Philosophy', NULL),
(113, 'MK2050', 'Principles of Marketing', NULL),
(114, 'MU1000', 'Music I', NULL),
(115, 'MU1001', 'Music II', NULL),
(116, 'ES1000', 'Environmental Science Ecosystems and Biodiversity', NULL),
(118, 'ES1010', 'Energy Resources and Pollution', NULL),
(119, 'BI2215', 'Environmental Health', NULL),
(120, 'HY2060', 'Greece The Birth of a Modern Nation', NULL),
(121, 'HY2070', 'American History I', NULL),
(122, 'HY2071', 'American History II', NULL),
(123, 'HY3053', 'World War II to Vietnam and the Fall of Communism', NULL),
(124, 'HY3072', 'America in World Affairs', NULL),
(125, 'PO1000', 'Political Organization', NULL),
(126, 'PO1001', 'Political Behavior', NULL),
(127, 'PO2008', 'Beyond State and Nation', NULL),
(128, 'AF3313', 'Corporate Finance', NULL),
(129, 'AF3535', 'Financial Modeling', NULL),
(130, 'CS3397', 'Object Oriented Programming with C', NULL),
(131, 'CS3260', 'Fundamentals of RDBMS', NULL),
(132, 'CS3175', 'Communications and Networking Essentials', NULL),
(133, 'ITC4417', 'Game Programming', NULL),
(134, 'ITC2234', 'Object Oriented Programming', NULL),
(135, 'MA2106', 'Mathematics for Computing', NULL),
(136, 'ITC3387', 'Data Structures and Analysis of Algorithms', NULL),
(137, 'ITC2293', 'Operating Systems Concepts', NULL),
(138, 'AF2040', 'Acounting and Finance Money and Banking', NULL),
(139, 'MG2003', 'Management Principles', NULL),
(140, 'CN2201', 'Contemporary Mass Communication', NULL),
(141, 'IB2006', 'International Business', NULL),
(142, 'IB3008', 'Business in the European Union', NULL),
(143, 'IB3232', 'Foreign Direct Investment', NULL),
(144, 'CS2179', 'Business Information Systems', NULL),
(145, 'FR1000', 'French I', NULL),
(146, 'FR1101', 'French II', NULL),
(147, 'FR2202', 'French III', NULL),
(148, 'SO1000', 'Introduction to Sociology', NULL),
(149, 'SO1001', 'Sociology of Modern Life', NULL),
(150, 'SO2002', 'Environment and Society', NULL),
(151, 'SO2004', 'Social Inequality', NULL),
(152, 'SO2037', 'Sociology of Deviance', NULL),
(153, 'SO2235', 'Migration and the Global Age', NULL),
(154, 'SASS11', 'Citation Assistance APA', NULL),
(155, 'SASS12', 'Citation Assistance MLA', NULL),
(156, 'SASS21', 'College Skills Studying', NULL),
(157, 'SASS22', 'College Skills Exam Preparation', NULL),
(158, 'SASS23', 'College Skills Note Taking', NULL),
(159, 'SASS24', 'College Skills Time Management', NULL),
(160, 'SASS31', 'PASS WP1010', NULL),
(161, 'SASS32', 'PASS WP1111', NULL),
(162, 'SASS33', 'PASS WP1212', NULL),
(163, 'SASS34', 'PASS PH1000', NULL),
(164, 'SASS35', 'PASS PH2010', NULL),
(165, 'SASS36', 'PASS PH2003', NULL),
(166, 'SASS37', 'PASS PH2016', NULL),
(167, 'AP5001', 'Fundamentals in Psychology', NULL),
(168, 'MK3159', 'Consumer Behavior', NULL),
(169, 'DD', 'Dummy', NULL),
(170, 'AP6073', 'Consultation', NULL),
(171, 'AB0000', 'Absence', NULL),
(172, 'WR1000', 'Writing Assistance for Any Course', NULL),
(173, 'GR1000', 'Modern Greek I', NULL),
(174, 'PH1001', 'Practical Reasoning', NULL),
(175, 'EAP999', 'Pre Academic English', NULL),
(176, 'EAP1000', 'Fundamentals of Academic English', NULL),
(177, 'EAP1001', 'English for Academic Purposes I', NULL),
(178, 'EAP1002', 'English for Academic Purposes II', NULL);

-- --------------------------------------------------------

--
-- Table structure for table `instructor`
--

CREATE TABLE IF NOT EXISTS `instructor` (
  `id` int(11) NOT NULL AUTO_INCREMENT,
  `f_name` varchar(45) NOT NULL,
  `l_name` varchar(45) NOT NULL,
  PRIMARY KEY (`id`)
) ENGINE=MyISAM  DEFAULT CHARSET=utf8 AUTO_INCREMENT=116 ;

--
-- Dumping data for table `instructor`
--

INSERT INTO `instructor` (`id`, `f_name`, `l_name`) VALUES
(5, 'Maira', 'Kotsovoulou'),
(6, 'Sotiris', 'Panagopoulos'),
(7, 'Mariella', 'Antoniadou'),
(8, 'Aggelos', 'Doukas'),
(9, 'Melenia', 'Arouh'),
(10, 'Maria Teresa', 'Gastardo Fountis'),
(11, 'Anna', 'Giannopoulou Merika'),
(12, 'Anastasia', 'Logotheti'),
(13, 'Despina', 'Makri'),
(14, 'Helena', 'Maragou'),
(15, 'Daniel', 'Mc Cormac'),
(16, 'Evangeline', 'Mourelatos'),
(17, 'Dimitris', 'Natsis'),
(18, 'Chrysanthi', 'Nega'),
(20, 'Vasileios', 'Symeonidis'),
(21, 'Ritsa', 'Ventouratos Fotinatos'),
(22, 'Hariclea', 'Zengos'),
(23, 'Marianthe', 'Frankos'),
(24, 'Eugene Ralph', 'Aldous'),
(25, 'Mary', 'Canellopoulou'),
(26, 'Emmanuel', 'Varouhas'),
(27, 'Vilma', 'Sinanoglou'),
(28, 'George', 'Sainis'),
(29, 'Antonis', 'Klidas'),
(30, 'Karolina', 'Siskos'),
(31, 'Nickolas', 'Siscoglou'),
(32, 'Alexandra', 'Sakellari'),
(33, 'Sophia', 'Zevgoli'),
(34, 'Natasha', 'Tsantila'),
(35, 'Emanuella', 'Skarmaliorakis'),
(36, 'Jane', 'Mandalios'),
(37, 'Alexandra', 'Jeikner'),
(38, 'Fotini', 'Georgousi'),
(39, 'Maria Ines', 'Garnica Oliver'),
(40, 'Evanthia', 'Ganetsou'),
(41, 'Georgia', 'Dima'),
(42, 'Katerina', 'Voutsina'),
(43, 'George', 'Filis'),
(44, 'Ariadne Evelyn', 'Aldous'),
(45, 'Gerasimos', 'Voutsinas'),
(46, 'Michael', 'Valahas'),
(47, 'Vassilis', 'Thomas'),
(48, 'Evy', 'Sakellariou'),
(49, 'Tatiana', 'Chalkidou'),
(50, 'Michael', 'Valahas'),
(51, 'Karolina', 'Siskos'),
(52, 'Ioanna', 'Mitropoulou'),
(53, 'Stefanos', 'Lianos'),
(54, 'Joanna', 'Konstantinou'),
(55, 'Sophia', 'Zevgoli'),
(56, 'Natasha', 'Tsantila'),
(57, 'Georgia', 'Kostoulias'),
(58, 'Louise', 'Hepper'),
(59, 'Gregory', 'Katsas'),
(60, 'Athanassios', 'Tsiamis'),
(61, 'Dimitra', 'Papazoglou'),
(62, 'Ilias', 'Kapelariotis'),
(63, 'Dimitris', 'Christou'),
(64, 'Sotiria', 'Theodoropoulou'),
(65, 'Miltiades', 'Gikas'),
(66, 'Despoina', 'Paizi'),
(67, 'Zepos', 'Galanos'),
(68, 'Eleni', 'Patra'),
(69, 'Stilianos', 'Kotsias'),
(70, 'Anna', 'Kourtoupa'),
(71, 'Despoina', 'Gavrili'),
(72, 'Else', 'Where'),
(73, 'Christos', 'Galanis'),
(74, 'Olga', 'Thomadaki'),
(75, 'Katerina', 'Weiss'),
(76, 'Elena', 'Athanassopoulou'),
(77, 'Lena', 'Gogorosi'),
(78, 'Kyriaki', 'Metinidou'),
(79, 'Bertis', 'Bertis'),
(80, 'Dionysis', 'Karavellas'),
(81, 'Tatiana', 'Papageorgiou'),
(82, 'Ionas', 'Beratis'),
(83, 'Dimitra Natalia', 'Dimitriadi'),
(84, 'Anna', 'Constadatos'),
(85, 'Ioannis', 'Stamatelos'),
(86, 'Lena', 'Pateraki'),
(87, 'Eva', 'Syngelaki'),
(88, 'Konstantino', 'Tasoulis'),
(89, 'Nikoleta', 'Trahoulia'),
(90, 'George', 'Kartalis'),
(91, 'Ilias', 'Kapareliotis'),
(92, 'Spyridoula', 'Kanta'),
(93, 'Emmanouil', 'Vrontaki'),
(94, 'Dummy', 'Dummy'),
(95, 'Nicholas', 'Pirounakis'),
(96, 'Marios', 'Molandonis'),
(97, 'Katerina', 'Thomas'),
(98, 'Ioanna', 'Patsioti Tsacpounidis'),
(99, 'Christina', 'Marouli'),
(100, 'Chryssovalantis', 'Stergiou'),
(101, 'Konstantinos', 'Petrogiannis'),
(102, 'Demetrius', 'Teigas'),
(103, 'Chryssoula', 'Karakitsou'),
(104, 'Peter', 'Zervos'),
(105, 'Mary', 'Canellopoulou'),
(107, 'Peggy', 'Manouka'),
(108, 'Dahlgren', 'Ekonomides'),
(109, 'Katerina', 'Nikolopoulou'),
(110, 'Euaggelia', 'Kalianos'),
(111, 'Susan', 'Stetson'),
(112, 'Georgia', 'Lagoumitzi'),
(114, 'Efimia', 'Anastasiou'),
(115, 'Lia', 'Samara');

-- --------------------------------------------------------

--
-- Table structure for table `mail`
--

CREATE TABLE IF NOT EXISTS `mail` (
  `last_sent` timestamp NOT NULL DEFAULT CURRENT_TIMESTAMP ON UPDATE CURRENT_TIMESTAMP
) ENGINE=MyISAM DEFAULT CHARSET=utf8 COLLATE=utf8_unicode_ci;

--
-- Dumping data for table `mail`
--

INSERT INTO `mail` (`last_sent`) VALUES
('2014-10-12 19:41:42'),
('2014-10-12 19:41:43'),
('2014-10-12 19:41:43'),
('2014-10-12 19:46:03'),
('2014-10-12 20:01:58'),
('2014-10-12 20:07:07'),
('2014-10-13 08:00:09'),
('2014-10-13 08:00:31'),
('2014-10-13 09:00:05'),
('2014-10-13 09:00:30'),
('2014-10-13 10:00:05'),
('2014-10-13 10:00:30'),
('2014-10-13 11:00:05'),
('2014-10-13 11:00:34'),
('2014-10-13 11:11:07'),
('2014-10-13 11:22:59'),
('2014-10-13 11:44:20'),
('2014-10-13 11:50:17'),
('2014-10-13 11:53:22'),
('2014-10-13 12:00:05'),
('2014-10-13 12:00:34'),
('2014-10-13 12:09:17'),
('2014-10-13 12:13:45'),
('2014-10-13 12:20:53'),
('2014-10-13 12:36:47'),
('2014-10-13 12:50:13'),
('2014-10-13 12:51:16'),
('2014-10-13 12:56:51'),
('2014-10-13 12:57:46'),
('2014-10-13 13:00:06'),
('2014-10-13 13:00:35'),
('2014-10-13 13:02:04'),
('2014-10-13 13:18:41'),
('2014-10-13 13:38:55'),
('2014-10-13 13:54:31'),
('2014-10-13 14:00:04'),
('2014-10-13 14:00:33'),
('2014-10-13 14:14:29'),
('2014-10-13 14:23:32'),
('2014-10-13 14:26:08'),
('2014-10-13 14:38:25'),
('2014-10-13 14:38:25'),
('2014-10-13 14:38:25'),
('2014-10-13 14:38:25'),
('2014-10-13 14:38:25'),
('2014-10-13 14:38:25'),
('2014-10-13 14:38:25'),
('2014-10-13 15:00:04'),
('2014-10-13 15:00:36'),
('2014-10-13 15:14:27'),
('2014-10-13 15:18:18'),
('2014-10-13 15:25:13'),
('2014-10-13 15:27:14'),
('2014-10-13 15:37:20'),
('2014-10-13 15:51:33'),
('2014-10-13 16:00:05'),
('2014-10-13 16:00:06'),
('2014-10-13 16:00:06'),
('2014-10-13 16:00:06'),
('2014-10-13 16:00:06'),
('2014-10-13 16:00:36'),
('2014-10-13 16:53:09'),
('2014-10-13 17:05:19'),
('2014-10-13 17:11:11'),
('2014-10-13 17:18:35'),
('2014-10-13 17:21:12'),
('2014-10-13 17:29:25'),
('2014-10-13 17:32:40'),
('2014-10-13 18:00:06'),
('2014-10-13 18:00:06'),
('2014-10-13 18:00:39'),
('2014-10-13 18:01:50'),
('2014-10-13 18:06:57'),
('2014-10-13 18:08:13'),
('2014-10-13 18:09:05'),
('2014-10-13 18:10:31'),
('2014-10-13 18:13:37'),
('2014-10-13 18:46:32'),
('2014-10-13 19:00:05'),
('2014-10-13 19:00:44'),
('2014-10-13 21:12:06'),
('2014-10-13 21:17:40'),
('2014-10-14 08:00:05'),
('2014-10-14 08:00:31'),
('2014-10-14 09:00:07'),
('2014-10-14 09:00:36'),
('2014-10-14 10:00:06'),
('2014-10-14 10:00:30'),
('2014-10-14 10:06:19'),
('2014-10-14 10:13:47'),
('2014-10-14 10:15:10'),
('2014-10-14 11:00:05'),
('2014-10-14 11:00:31'),
('2014-10-14 11:07:43'),
('2014-10-14 11:08:50'),
('2014-10-14 11:10:37'),
('2014-10-14 11:34:24'),
('2014-10-14 11:52:18'),
('2014-10-14 11:57:21'),
('2014-10-14 12:00:04'),
('2014-10-14 12:00:05'),
('2014-10-14 12:00:32'),
('2014-10-14 12:46:53'),
('2014-10-14 12:58:00'),
('2014-10-14 13:00:05'),
('2014-10-14 13:00:05'),
('2014-10-14 13:00:06'),
('2014-10-14 13:00:31'),
('2014-10-14 13:14:30'),
('2014-10-14 13:17:05'),
('2014-10-14 13:30:01'),
('2014-10-14 13:44:14'),
('2014-10-14 13:49:01'),
('2014-10-14 13:51:44'),
('2014-10-14 13:59:31'),
('2014-10-14 14:00:05'),
('2014-10-14 14:00:05'),
('2014-10-14 14:00:05'),
('2014-10-14 14:00:05'),
('2014-10-14 14:00:05'),
('2014-10-14 14:00:05'),
('2014-10-14 14:00:05'),
('2014-10-14 14:00:33'),
('2014-10-14 14:04:56'),
('2014-10-14 14:23:20'),
('2014-10-14 14:24:47'),
('2014-10-14 14:30:06'),
('2014-10-14 14:55:46'),
('2014-10-14 14:56:17'),
('2014-10-14 14:56:42'),
('2014-10-14 15:00:05'),
('2014-10-14 15:00:05'),
('2014-10-14 15:00:05'),
('2014-10-14 15:00:05'),
('2014-10-14 15:00:06'),
('2014-10-14 15:00:38'),
('2014-10-14 15:01:09'),
('2014-10-14 15:02:33'),
('2014-10-14 15:03:29'),
('2014-10-14 15:03:40'),
('2014-10-14 15:13:20'),
('2014-10-14 15:20:51'),
('2014-10-14 16:00:06'),
('2014-10-14 16:00:06'),
('2014-10-14 16:00:06'),
('2014-10-14 16:00:31'),
('2014-10-14 16:33:20'),
('2014-10-14 17:00:05'),
('2014-10-14 17:00:05'),
('2014-10-14 17:00:05'),
('2014-10-14 17:00:36'),
('2014-10-14 17:27:37'),
('2014-10-14 17:28:32'),
('2014-10-14 17:35:26'),
('2014-10-14 17:37:02'),
('2014-10-14 17:42:21'),
('2014-10-14 17:43:28'),
('2014-10-14 17:48:24'),
('2014-10-14 17:50:01'),
('2014-10-14 18:00:05'),
('2014-10-14 18:00:05'),
('2014-10-14 18:00:05'),
('2014-10-14 18:00:34'),
('2014-10-14 18:07:48'),
('2014-10-14 18:13:23'),
('2014-10-14 18:15:13'),
('2014-10-14 18:31:55'),
('2014-10-14 18:35:34'),
('2014-10-14 18:37:12'),
('2014-10-14 19:00:06'),
('2014-10-14 19:00:32'),
('2014-10-15 08:00:06'),
('2014-10-15 08:00:35'),
('2014-10-15 09:00:07'),
('2014-10-15 09:00:31'),
('2014-10-15 10:00:04'),
('2014-10-15 10:00:32'),
('2014-10-15 11:00:08'),
('2014-10-15 11:00:36'),
('2014-10-15 11:12:26'),
('2014-10-15 11:35:05'),
('2014-10-15 11:49:18'),
('2014-10-15 12:00:05'),
('2014-10-15 12:00:05'),
('2014-10-15 12:00:06'),
('2014-10-15 12:00:35'),
('2014-10-15 12:17:13'),
('2014-10-15 12:20:40'),
('2014-10-15 12:26:01'),
('2014-10-15 12:38:07'),
('2014-10-15 13:00:05'),
('2014-10-15 13:00:05'),
('2014-10-15 13:00:05'),
('2014-10-15 13:00:06'),
('2014-10-15 13:00:37'),
('2014-10-15 13:01:11'),
('2014-10-15 13:07:10'),
('2014-10-15 13:15:00'),
('2014-10-15 13:43:16'),
('2014-10-15 13:45:22'),
('2014-10-15 14:00:05'),
('2014-10-15 14:00:05'),
('2014-10-15 14:00:05'),
('2014-10-15 14:00:05'),
('2014-10-15 14:00:37'),
('2014-10-15 14:03:14'),
('2014-10-15 14:39:56'),
('2014-10-15 14:41:05'),
('2014-10-15 14:59:28'),
('2014-10-15 15:00:06'),
('2014-10-15 15:00:06'),
('2014-10-15 15:00:06'),
('2014-10-15 15:00:07'),
('2014-10-15 15:00:07'),
('2014-10-15 15:00:38'),
('2014-10-15 15:18:17'),
('2014-10-15 15:22:29'),
('2014-10-15 15:29:55'),
('2014-10-15 16:00:06'),
('2014-10-15 16:00:06'),
('2014-10-15 16:00:06'),
('2014-10-15 16:00:06'),
('2014-10-15 16:00:06'),
('2014-10-15 16:00:06'),
('2014-10-15 16:00:36'),
('2014-10-15 16:10:11'),
('2014-10-15 16:50:57'),
('2014-10-15 17:00:05'),
('2014-10-15 17:00:05'),
('2014-10-15 17:00:05'),
('2014-10-15 17:00:35'),
('2014-10-15 17:02:14'),
('2014-10-15 17:11:12'),
('2014-10-15 18:00:07'),
('2014-10-15 18:00:07'),
('2014-10-15 18:00:33'),
('2014-10-15 18:18:05'),
('2014-10-15 19:00:04'),
('2014-10-15 19:00:05'),
('2014-10-15 19:00:33'),
('2014-10-16 08:00:08'),
('2014-10-16 08:00:32'),
('2014-10-16 09:00:06'),
('2014-10-16 09:00:44'),
('2014-10-16 10:00:08'),
('2014-10-16 10:00:33'),
('2014-10-16 10:06:31'),
('2014-10-16 10:29:47'),
('2014-10-16 11:00:06'),
('2014-10-16 11:00:40'),
('2014-10-16 11:13:22'),
('2014-10-16 12:00:10'),
('2014-10-16 12:00:42'),
('2014-10-16 12:03:26'),
('2014-10-16 12:21:30'),
('2014-10-16 12:22:09'),
('2014-10-16 12:22:42'),
('2014-10-16 12:23:13'),
('2014-10-16 12:24:02'),
('2014-10-16 12:24:25'),
('2014-10-16 12:27:24'),
('2014-10-16 12:27:43'),
('2014-10-16 12:28:16'),
('2014-10-16 12:28:43'),
('2014-10-16 12:29:35'),
('2014-10-16 12:30:02'),
('2014-10-16 12:38:43'),
('2014-10-16 13:00:06'),
('2014-10-16 13:00:35'),
('2014-10-16 13:30:06'),
('2014-10-16 13:35:54'),
('2014-10-16 13:41:57'),
('2014-10-16 13:51:22'),
('2014-10-16 13:51:51'),
('2014-10-16 14:00:05'),
('2014-10-16 14:00:33'),
('2014-10-16 14:01:21'),
('2014-10-16 14:09:38'),
('2014-10-16 14:10:48'),
('2014-10-16 14:47:56'),
('2014-10-16 15:00:06'),
('2014-10-16 15:00:34'),
('2014-10-16 15:02:35'),
('2014-10-16 15:03:29'),
('2014-10-16 15:45:40'),
('2014-10-16 16:00:05'),
('2014-10-16 16:00:35'),
('2014-10-16 16:36:48'),
('2014-10-16 17:00:05'),
('2014-10-16 17:00:36'),
('2014-10-16 17:46:50'),
('2014-10-16 18:00:06'),
('2014-10-16 18:00:06'),
('2014-10-16 18:00:06'),
('2014-10-16 18:00:06'),
('2014-10-16 18:00:06'),
('2014-10-16 18:00:06'),
('2014-10-16 18:00:06'),
('2014-10-16 18:00:06'),
('2014-10-16 18:00:06'),
('2014-10-16 18:00:06'),
('2014-10-16 18:00:06'),
('2014-10-16 18:00:06'),
('2014-10-16 18:00:06'),
('2014-10-16 18:00:06'),
('2014-10-16 18:00:06'),
('2014-10-16 18:00:07'),
('2014-10-16 18:00:08'),
('2014-10-16 18:00:08'),
('2014-10-16 18:01:08'),
('2014-10-16 18:01:08'),
('2014-10-16 18:01:08'),
('2014-10-16 18:01:08'),
('2014-10-16 18:01:08'),
('2014-10-16 18:01:08'),
('2014-10-16 18:01:08'),
('2014-10-16 18:01:08'),
('2014-10-16 18:01:08'),
('2014-10-16 18:01:08'),
('2014-10-16 18:01:08'),
('2014-10-16 18:01:08'),
('2014-10-16 18:01:08'),
('2014-10-16 18:01:09'),
('2014-10-16 18:01:09'),
('2014-10-16 19:00:07'),
('2014-10-16 19:00:35'),
('2014-10-16 21:59:05'),
('2014-10-16 22:18:09'),
('2014-10-17 00:53:36'),
('2014-10-17 08:00:18'),
('2014-10-17 09:00:04'),
('2014-10-17 11:07:22'),
('2014-10-17 11:15:43'),
('2014-10-17 11:56:11'),
('2014-10-17 12:31:34'),
('2014-10-17 12:34:16'),
('2014-10-17 12:38:13'),
('2014-10-17 13:21:54'),
('2014-10-17 13:28:50'),
('2014-10-17 13:50:49'),
('2014-10-17 13:59:29'),
('2014-10-17 14:37:37'),
('2014-10-17 15:06:08'),
('2014-10-17 15:36:09'),
('2014-10-17 15:47:27'),
('2014-10-17 15:56:53'),
('2014-10-17 16:02:49'),
('2014-10-17 16:04:30'),
('2014-10-17 16:14:31'),
('2014-10-17 16:47:35'),
('2014-10-17 16:50:28'),
('2014-10-17 17:03:46'),
('2014-10-17 17:14:27'),
('2014-10-17 17:19:03'),
('2014-10-17 17:43:44'),
('2014-10-17 17:45:44'),
('2014-10-17 18:00:51'),
('2014-10-17 20:11:16'),
('2014-10-17 20:33:01'),
('2014-10-17 20:39:31'),
('2014-10-21 14:09:16'),
('2014-10-21 14:34:53'),
('2014-10-21 15:05:06');

-- --------------------------------------------------------

--
-- Table structure for table `major`
--

CREATE TABLE IF NOT EXISTS `major` (
  `id` int(11) NOT NULL AUTO_INCREMENT,
  `name` varchar(45) NOT NULL,
  `code` varchar(6) NOT NULL,
  PRIMARY KEY (`id`),
  UNIQUE KEY `name_UNIQUE` (`name`),
  UNIQUE KEY `code_UNIQUE` (`code`)
) ENGINE=MyISAM  DEFAULT CHARSET=utf8 AUTO_INCREMENT=25 ;

--
-- Dumping data for table `major`
--

INSERT INTO `major` (`id`, `name`, `code`) VALUES
(2, 'I do not know', 'A'),
(4, 'Undecided', 'B'),
(5, 'Acounting and Finance', 'AF'),
(6, 'Computer Information Systems', 'CIS'),
(7, 'International Business and European Affairs', 'IBEA'),
(8, 'International Tourism and Hospitality Managem', 'ITHM'),
(9, 'Management', 'MG'),
(10, 'Marketing', 'MK'),
(11, 'Communication', 'CN'),
(12, 'Economics', 'EC'),
(13, 'English', 'EN'),
(14, 'Environmental Studies', 'ES'),
(15, 'History', 'HY'),
(16, 'Information Technology', 'IT'),
(17, 'Philosophy', 'PH'),
(18, 'Psychology', 'PS'),
(19, 'Sociology', 'SO'),
(20, 'Art History', 'AT'),
(21, 'Visual Arts', 'AR'),
(22, 'Graduate Student', 'GRAD'),
(23, 'Management Information Systems', 'MIS'),
(24, 'Theater Arts', 'TA');

-- --------------------------------------------------------

--
-- Table structure for table `outcome_of_session`
--

CREATE TABLE IF NOT EXISTS `outcome_of_session` (
  `id` int(11) NOT NULL AUTO_INCREMENT,
  `option_name` varchar(45) NOT NULL,
  `report_id` int(11) NOT NULL,
  PRIMARY KEY (`id`),
  KEY `fk_outcome_of_session_report1_idx` (`report_id`)
) ENGINE=MyISAM DEFAULT CHARSET=utf8 AUTO_INCREMENT=1 ;

-- --------------------------------------------------------

--
-- Table structure for table `primary_focus_of_conference`
--

CREATE TABLE IF NOT EXISTS `primary_focus_of_conference` (
  `discussion_of_concept` tinyint(1) NOT NULL DEFAULT '0',
  `report_id` int(11) NOT NULL,
  `organization_thoughts_ideas` tinyint(1) NOT NULL DEFAULT '0',
  `expression_grammar_syntax_etc` tinyint(1) NOT NULL DEFAULT '0',
  `exercises` tinyint(1) NOT NULL DEFAULT '0',
  `academic_skills` tinyint(1) NOT NULL DEFAULT '0',
  `citations_referencing` tinyint(1) NOT NULL DEFAULT '0',
  `other` tinyint(1) NOT NULL DEFAULT '0',
  UNIQUE KEY `report_id` (`report_id`)
) ENGINE=MyISAM DEFAULT CHARSET=utf8;

--
-- Dumping data for table `primary_focus_of_conference`
--

INSERT INTO `primary_focus_of_conference` (`discussion_of_concept`, `report_id`, `organization_thoughts_ideas`, `expression_grammar_syntax_etc`, `exercises`, `academic_skills`, `citations_referencing`, `other`) VALUES
(0, 234, 0, 0, 0, 0, 0, 0),
(0, 233, 0, 0, 0, 0, 0, 0),
(0, 232, 0, 0, 0, 0, 0, 0),
(0, 231, 0, 0, 0, 0, 0, 0),
(0, 230, 0, 0, 0, 0, 0, 0),
(0, 229, 0, 0, 0, 0, 0, 0),
(0, 296, 0, 0, 0, 0, 0, 0),
(0, 227, 0, 0, 0, 0, 0, 0),
(0, 226, 0, 0, 0, 0, 0, 0),
(1, 225, 1, 0, 0, 0, 0, 0),
(1, 224, 1, 0, 0, 0, 0, 0),
(0, 223, 0, 0, 0, 0, 0, 0),
(1, 222, 1, 0, 0, 0, 0, 0),
(0, 221, 0, 0, 0, 0, 0, 0),
(0, 220, 0, 0, 0, 0, 0, 0),
(0, 219, 0, 0, 0, 0, 0, 0),
(0, 298, 0, 0, 0, 0, 0, 0),
(0, 217, 0, 0, 0, 0, 0, 0),
(0, 216, 0, 0, 0, 0, 0, 0),
(0, 215, 1, 0, 0, 0, 0, 0),
(0, 214, 0, 0, 0, 0, 0, 0),
(0, 213, 0, 0, 0, 0, 0, 0),
(0, 212, 0, 0, 0, 0, 0, 0),
(0, 211, 0, 0, 0, 0, 0, 0),
(1, 210, 0, 0, 1, 0, 0, 0),
(0, 209, 0, 0, 0, 0, 0, 0),
(1, 208, 0, 0, 1, 0, 0, 0),
(0, 207, 0, 0, 0, 0, 0, 1),
(1, 206, 0, 0, 1, 0, 0, 0),
(0, 290, 0, 0, 0, 0, 0, 0),
(0, 292, 0, 0, 0, 0, 0, 0),
(0, 203, 0, 1, 0, 0, 1, 0),
(0, 202, 0, 0, 0, 0, 0, 0),
(0, 291, 0, 0, 1, 0, 0, 0),
(0, 295, 0, 0, 0, 0, 0, 0),
(0, 293, 0, 0, 0, 0, 0, 0),
(0, 294, 0, 0, 0, 0, 0, 0),
(0, 197, 0, 0, 0, 0, 0, 0),
(1, 196, 0, 0, 1, 0, 0, 0),
(0, 195, 0, 0, 0, 0, 0, 0),
(1, 194, 0, 0, 1, 0, 0, 0),
(1, 193, 0, 0, 1, 0, 0, 0),
(0, 192, 0, 0, 0, 0, 0, 0),
(0, 191, 0, 0, 0, 0, 0, 0),
(0, 190, 0, 0, 0, 0, 0, 0),
(0, 189, 0, 0, 0, 0, 0, 0),
(0, 188, 0, 0, 0, 0, 0, 0),
(0, 187, 0, 0, 0, 0, 0, 0),
(0, 186, 0, 0, 0, 0, 0, 0),
(1, 185, 1, 1, 0, 0, 0, 0),
(0, 184, 1, 0, 0, 0, 0, 0),
(1, 183, 1, 0, 1, 0, 0, 0),
(0, 182, 0, 0, 0, 0, 0, 0),
(0, 181, 0, 0, 0, 0, 0, 0),
(0, 180, 0, 0, 0, 0, 0, 0),
(0, 179, 0, 0, 0, 0, 0, 0),
(0, 178, 0, 0, 0, 0, 0, 0),
(0, 177, 0, 0, 0, 0, 0, 0),
(0, 176, 0, 0, 0, 0, 0, 0),
(0, 175, 0, 0, 0, 0, 0, 0),
(0, 173, 0, 0, 0, 0, 0, 0),
(0, 172, 0, 0, 0, 0, 0, 0),
(0, 171, 0, 0, 0, 0, 0, 0),
(0, 170, 0, 0, 0, 0, 0, 0),
(1, 235, 0, 0, 0, 0, 0, 0),
(0, 236, 0, 0, 0, 0, 0, 0),
(0, 237, 0, 0, 0, 0, 0, 0),
(0, 238, 0, 0, 0, 0, 0, 0),
(0, 239, 0, 0, 0, 0, 0, 0),
(0, 240, 0, 0, 0, 0, 0, 0),
(0, 241, 0, 0, 0, 0, 0, 0),
(0, 242, 0, 0, 0, 0, 0, 0),
(0, 243, 0, 0, 0, 0, 0, 0),
(0, 244, 0, 0, 0, 0, 0, 0),
(0, 245, 0, 0, 0, 0, 0, 0),
(1, 246, 0, 0, 0, 0, 0, 0),
(1, 247, 0, 0, 0, 0, 0, 0),
(1, 248, 1, 0, 0, 0, 1, 0),
(0, 249, 0, 0, 0, 0, 0, 0),
(0, 289, 0, 0, 0, 0, 0, 0),
(1, 251, 0, 0, 1, 0, 0, 0),
(0, 252, 0, 0, 0, 0, 0, 0),
(0, 253, 0, 0, 0, 0, 0, 0),
(0, 254, 0, 0, 0, 0, 0, 0),
(0, 255, 0, 0, 0, 0, 0, 0),
(1, 256, 1, 0, 1, 0, 0, 0),
(1, 257, 0, 0, 0, 0, 0, 0),
(1, 258, 1, 0, 0, 0, 0, 0),
(0, 259, 0, 0, 0, 0, 0, 0),
(0, 260, 0, 0, 0, 0, 0, 0),
(0, 261, 0, 0, 0, 0, 0, 0),
(0, 262, 0, 0, 0, 0, 0, 0),
(1, 263, 0, 0, 1, 0, 0, 0),
(0, 264, 0, 0, 0, 0, 0, 0),
(0, 265, 0, 0, 0, 0, 0, 0),
(0, 266, 0, 0, 0, 0, 0, 0),
(0, 267, 0, 0, 0, 0, 0, 0),
(0, 268, 0, 0, 0, 0, 0, 0),
(0, 269, 0, 0, 0, 0, 0, 0),
(0, 297, 0, 0, 0, 0, 0, 0),
(0, 270, 0, 0, 0, 0, 0, 0),
(0, 272, 0, 0, 0, 0, 0, 0),
(0, 273, 0, 0, 0, 0, 0, 0),
(0, 274, 0, 0, 0, 0, 0, 0),
(0, 275, 0, 0, 0, 0, 0, 0),
(0, 276, 0, 0, 0, 0, 0, 0),
(0, 277, 0, 0, 0, 0, 0, 0),
(0, 278, 0, 0, 0, 0, 0, 0),
(0, 279, 0, 0, 0, 0, 0, 0),
(0, 280, 0, 0, 0, 0, 0, 0),
(0, 281, 0, 0, 0, 0, 0, 0),
(0, 282, 1, 1, 0, 0, 1, 0),
(0, 283, 0, 0, 0, 0, 0, 0),
(0, 284, 0, 0, 0, 0, 0, 0),
(0, 285, 0, 0, 0, 0, 0, 0),
(0, 286, 0, 0, 0, 0, 0, 1),
(1, 299, 1, 0, 1, 0, 0, 0),
(1, 288, 0, 0, 0, 1, 0, 0),
(0, 300, 0, 0, 0, 0, 0, 0),
(0, 301, 0, 0, 0, 0, 0, 0),
(0, 302, 0, 0, 0, 0, 0, 0),
(0, 303, 0, 0, 0, 0, 0, 0),
(0, 308, 0, 0, 0, 0, 0, 0),
(0, 309, 0, 0, 0, 0, 0, 0),
(0, 331, 0, 0, 0, 0, 0, 0),
(0, 311, 0, 0, 0, 0, 0, 0),
(0, 312, 0, 0, 0, 0, 0, 0),
(0, 313, 0, 0, 0, 0, 0, 0),
(0, 314, 0, 0, 0, 0, 0, 0),
(0, 315, 0, 0, 0, 0, 0, 0),
(0, 316, 0, 0, 0, 0, 0, 0),
(0, 317, 0, 0, 0, 0, 0, 0),
(0, 318, 0, 0, 0, 0, 0, 0),
(0, 319, 0, 0, 0, 0, 0, 0),
(0, 320, 0, 0, 0, 0, 0, 0),
(0, 321, 0, 0, 0, 0, 0, 0),
(0, 322, 0, 0, 0, 0, 0, 0),
(1, 323, 1, 0, 0, 0, 0, 0),
(0, 324, 0, 0, 0, 0, 0, 0),
(0, 325, 0, 0, 0, 0, 0, 0),
(1, 326, 1, 0, 0, 0, 0, 0),
(0, 327, 0, 0, 0, 0, 0, 0),
(0, 328, 0, 0, 0, 0, 0, 0),
(0, 329, 0, 0, 0, 0, 0, 0),
(0, 330, 0, 0, 0, 0, 0, 0),
(0, 332, 0, 0, 0, 0, 0, 0),
(0, 333, 0, 0, 0, 0, 0, 0),
(1, 334, 1, 0, 0, 0, 0, 0),
(0, 335, 0, 0, 0, 0, 0, 0),
(0, 336, 0, 0, 0, 0, 0, 0),
(0, 337, 0, 0, 0, 0, 0, 0),
(0, 338, 0, 0, 0, 0, 0, 0),
(0, 339, 0, 0, 0, 0, 0, 0),
(0, 340, 0, 0, 0, 0, 0, 0),
(0, 341, 0, 0, 0, 0, 0, 0),
(1, 342, 1, 0, 0, 0, 0, 0),
(0, 343, 0, 0, 0, 0, 0, 0),
(0, 344, 0, 0, 0, 0, 0, 0),
(0, 345, 0, 0, 0, 0, 0, 0),
(0, 346, 0, 0, 0, 0, 0, 0),
(0, 347, 0, 0, 0, 0, 0, 0),
(0, 348, 0, 0, 0, 0, 0, 0),
(0, 349, 0, 0, 0, 0, 0, 0),
(0, 350, 0, 0, 0, 0, 0, 0),
(0, 351, 0, 0, 0, 0, 0, 0),
(0, 352, 0, 0, 0, 0, 0, 0),
(0, 353, 0, 0, 0, 0, 0, 0),
(0, 354, 0, 0, 0, 0, 0, 0),
(0, 355, 0, 0, 0, 0, 0, 0),
(0, 356, 0, 0, 0, 0, 0, 0),
(1, 357, 1, 0, 0, 0, 0, 0),
(0, 358, 0, 0, 0, 0, 0, 0),
(0, 359, 0, 0, 0, 0, 0, 0),
(1, 360, 1, 0, 0, 0, 0, 0),
(1, 361, 1, 0, 0, 0, 0, 0),
(0, 362, 0, 0, 0, 0, 0, 0),
(0, 363, 0, 0, 0, 0, 0, 0),
(0, 364, 0, 0, 0, 0, 0, 0),
(0, 365, 0, 0, 0, 0, 0, 1),
(0, 366, 0, 0, 0, 0, 0, 0),
(0, 367, 0, 0, 0, 0, 0, 0),
(0, 368, 0, 0, 0, 0, 0, 0),
(0, 369, 0, 0, 0, 0, 0, 0),
(0, 370, 0, 0, 0, 0, 0, 0),
(0, 371, 0, 0, 0, 0, 0, 0),
(0, 372, 0, 0, 0, 0, 0, 0),
(0, 373, 0, 0, 0, 0, 0, 0),
(0, 374, 0, 0, 0, 0, 0, 0),
(0, 375, 0, 0, 0, 0, 0, 0),
(0, 376, 0, 0, 0, 0, 0, 0),
(0, 377, 0, 0, 0, 0, 0, 0),
(0, 378, 0, 0, 0, 0, 0, 0),
(0, 379, 0, 0, 0, 0, 0, 0),
(0, 380, 0, 0, 0, 0, 0, 0),
(0, 381, 0, 0, 0, 0, 0, 0),
(0, 382, 0, 0, 0, 0, 0, 0),
(0, 383, 0, 0, 0, 0, 0, 0),
(0, 384, 0, 0, 0, 0, 0, 0),
(0, 385, 0, 0, 0, 0, 0, 0),
(0, 386, 0, 0, 0, 0, 0, 0),
(0, 387, 0, 0, 0, 0, 0, 0),
(0, 388, 0, 0, 0, 0, 0, 0),
(0, 389, 0, 0, 0, 0, 0, 0),
(0, 390, 0, 0, 0, 0, 0, 0),
(0, 391, 0, 0, 0, 0, 0, 0),
(0, 392, 0, 0, 0, 0, 0, 0),
(0, 393, 0, 0, 0, 1, 0, 1),
(0, 394, 0, 0, 0, 0, 0, 0),
(0, 395, 0, 0, 0, 0, 0, 0),
(0, 396, 0, 0, 0, 0, 0, 0),
(0, 397, 0, 0, 0, 0, 0, 0),
(0, 398, 0, 0, 0, 0, 0, 0),
(0, 399, 0, 0, 0, 0, 0, 0),
(0, 400, 0, 0, 0, 0, 0, 0),
(0, 401, 0, 0, 0, 0, 0, 0),
(0, 402, 0, 0, 0, 0, 0, 0),
(0, 403, 0, 0, 0, 0, 0, 0),
(0, 404, 0, 0, 0, 0, 0, 0);

-- --------------------------------------------------------

--
-- Table structure for table `report`
--

CREATE TABLE IF NOT EXISTS `report` (
  `id` int(11) NOT NULL AUTO_INCREMENT,
  `student_id` int(11) NOT NULL,
  `instructor_id` int(11) NOT NULL,
  `students_concerns` text,
  `relevant_feedback_or_guidelines` text,
  `additional_comments` text,
  `project_topic_other` text NOT NULL,
  `other_text_area` text,
  `label_message` varchar(25) DEFAULT 'pending fill',
  `label_color` varchar(25) DEFAULT 'warning',
  PRIMARY KEY (`id`),
  KEY `fk_appointment_has_student_student1_idx` (`student_id`),
  KEY `fk_appointment_has_student_has_report_has_instructor_instru_idx` (`instructor_id`)
) ENGINE=MyISAM  DEFAULT CHARSET=utf8 AUTO_INCREMENT=405 ;

--
-- Dumping data for table `report`
--

INSERT INTO `report` (`id`, `student_id`, `instructor_id`, `students_concerns`, `relevant_feedback_or_guidelines`, `additional_comments`, `project_topic_other`, `other_text_area`, `label_message`, `label_color`) VALUES
(170, 8, 5, NULL, NULL, NULL, '', '', 'pending fill', 'warning'),
(171, 8, 5, 'werqewrfew', '', '', 'dsfdfqewrqewrqewre', '', 'pending validation', 'warning'),
(172, 11, 8, NULL, NULL, NULL, '', NULL, 'pending fill', 'warning'),
(173, 8, 5, 'maximiation focurse of conference', '', 'additional comments by the secretary.', 'project topic other', 'other other', 'complete', 'success'),
(179, 89, 37, 'Correct use of MLA Citiation', '', '', 'EN 1010 Summary session', '', 'complete', 'success'),
(175, 12, 61, NULL, NULL, NULL, '', NULL, 'pending fill', 'warning'),
(176, 12, 60, NULL, NULL, NULL, '', NULL, 'pending fill', 'warning'),
(177, 10, 7, NULL, NULL, NULL, '', NULL, 'pending fill', 'warning'),
(178, 9, 6, 'Preparation for Final', '', '', 'Exercises, Mean, Median, Variance, Standard Deviation', '', 'complete', 'success'),
(180, 37, 76, NULL, NULL, NULL, '', NULL, 'pending fill', 'warning'),
(181, 80, 70, 'Revision of every chapter for the midterm', '', 'Group Meeting', 'Midterm chapter preparation', '', 'complete', 'success'),
(182, 35, 74, 'Really I do not work on Mondays', '', 'I do not work on Mondays, this session never happened', 'I do not work on Mondays', '', 'pending fill', 'warning'),
(183, 92, 6, 'linear equations, programming etc.', '', '', 'linear equations', '', 'complete', 'success'),
(184, 56, 62, 'The student was concerned about how to begin the project and what were the actual requirements. For this reason, I clarified the necessities and discussed ideas. ', '', '', 'Explaining the organization of the project necessary for the course. ', '', 'pending validation', 'warning'),
(185, 57, 63, 'preparation for the midterm', '', '', 'linear equations, linear programming, break even points, gaussian elimination', '', 'complete', 'success'),
(186, 78, 68, NULL, NULL, NULL, '', NULL, 'pending fill', 'warning'),
(187, 82, 17, 'The student wanted us to go over the material from classes that she had missed.', '', '', 'Mean, Weighted Mean', '', 'complete', 'success'),
(188, 82, 17, 'The student wanted us to go over materialfrom classes that she had missed.', '', '', 'Mean, Weigthed mean', '', 'complete', 'success'),
(189, 28, 10, 'Preparation for Midterm', '', '', 'Systems of Linear Equations', '', 'complete', 'success'),
(190, 61, 82, 'Revision and preparation for midterm', '', '', 'Revision for midterm', '', 'complete', 'success'),
(191, 83, 17, 'Preparation for Midterm', '', '', 'Exercises, Derivatives, Applications', '', 'complete', 'success'),
(213, 87, 73, NULL, NULL, NULL, '', NULL, 'pending fill', 'warning'),
(192, 19, 18, 'Preparation of paper.', '', '', 'APA format, referencing, and discussion of major theretical papers.', '', 'complete', 'success'),
(193, 97, 84, 'Cash flow ', '', '', 'AF31o5 Constadatos', '', 'complete', 'success'),
(194, 19, 10, 'Group Data ', '', '', 'MA2118 Gastardo', '', 'complete', 'success'),
(195, 81, 71, NULL, NULL, NULL, '', NULL, 'pending fill', 'warning'),
(196, 84, 69, 'Adjusting entries ', '', '', 'AF2006 Kotsias ', '', 'complete', 'success'),
(197, 48, 65, NULL, NULL, NULL, '', NULL, 'pending fill', 'warning'),
(294, 111, 75, NULL, NULL, NULL, '', NULL, 'pending fill', 'warning'),
(293, 109, 75, NULL, NULL, NULL, '', NULL, 'pending fill', 'warning'),
(291, 88, 64, 'The student wanted us to solve exercises. ', '', '', 'Equilibrium price and quantity,  price ceiling and floor, consumers and producers surplus', '', 'complete', 'success'),
(202, 30, 18, 'Help with the construction of her experiment and clarifications regarding the appropriate statistical test.', '', '', 'Construction of experiment', '', 'complete', 'success'),
(203, 76, 18, 'Using APA referencing as well as grammar and syntax concerns with her paper. ', '', 'Advised her to look into improving her grammar and syntax by attending writing workshops.', 'Paper on post graduate psychology.', '', 'complete', 'success'),
(292, 97, 6, NULL, NULL, NULL, '', NULL, 'pending fill', 'warning'),
(290, 115, 75, NULL, NULL, NULL, '', NULL, 'pending fill', 'warning'),
(206, 79, 69, 'Traditional ABC Method - CVP analysis', '', '', 'AF3116 Kotsias', '', 'complete', 'success'),
(207, 64, 64, 'Session was cancelled.', '', '', 'Session was cancelled.', '', 'complete', 'success'),
(208, 26, 69, 'Traditional ABC method', '', '', 'AF3116 Kotsias', '', 'complete', 'success'),
(209, 96, 83, NULL, NULL, NULL, '', NULL, 'pending fill', 'warning'),
(210, 98, 68, 'Cash flows', '', '', 'AF3105 Patra', '', 'complete', 'success'),
(211, 104, 23, NULL, NULL, NULL, '', NULL, 'pending fill', 'warning'),
(212, 104, 23, NULL, NULL, NULL, '', NULL, 'pending fill', 'warning'),
(214, 32, 87, 'Recapitulation of in-class lecture.', '', '', 'Major theoretical concepts.', '', 'pending validation', 'warning'),
(215, 104, 23, 'Organizing and summarizing the main ideas of the article.', 'Not applicable.', 'The student believed that every paragraph of the article needed to be included in the summary - i.e. she thought she had to do a chronological summary. Therefore, I pointed out certain important themes that stood out after we read part of the article together in order to show her a way to think of the text in relation to her thematic summary assignment.', 'Article Summary', '', 'complete', 'success'),
(216, 33, 65, NULL, NULL, NULL, '', NULL, 'pending fill', 'warning'),
(217, 90, 75, NULL, NULL, NULL, '', NULL, 'pending fill', 'warning'),
(297, 126, 94, NULL, NULL, NULL, '', NULL, 'pending fill', 'warning'),
(219, 33, 65, NULL, NULL, NULL, 'Revision for midterm.', NULL, 'pending fill', 'warning'),
(220, 88, 64, NULL, NULL, NULL, '', NULL, 'pending fill', 'warning'),
(221, 100, 86, 'Major variables of the hypothesis needed to be clarified.', '', '', 'Hypothesis formation.', '', 'pending validation', 'warning'),
(222, 106, 88, 'Structure ', '', '', 'OB Project', '', 'pending validation', 'warning'),
(223, 37, 76, NULL, NULL, NULL, '', NULL, 'pending fill', 'warning'),
(224, 35, 74, 'Help was needed with the coherence and logical progression of major arguments in the paper', '', '', 'Coherence of paper', '', 'complete', 'success'),
(225, 74, 78, 'Structure, case study selection', '', '', 'OB project', '', 'pending validation', 'warning'),
(226, 91, 77, NULL, NULL, NULL, '', NULL, 'pending fill', 'warning'),
(227, 9, 6, NULL, NULL, NULL, '', NULL, 'pending fill', 'warning'),
(296, 112, 75, NULL, NULL, NULL, '', NULL, 'pending fill', 'warning'),
(229, 99, 80, 'The student had not understood how tests are perfomed.', '', '', 'Test for one and two means', '', 'pending validation', 'warning'),
(230, 8, 66, NULL, NULL, NULL, '', NULL, 'pending fill', 'warning'),
(231, 102, 10, NULL, NULL, NULL, '', NULL, 'pending fill', 'warning'),
(232, 28, 10, 'Midterm Preparation', '', 'Additional comments', 'Revision,  Lines, Systems of Equations', '', 'pending validation', 'warning'),
(233, 104, 23, NULL, NULL, NULL, '', NULL, 'pending fill', 'warning'),
(234, 123, 92, NULL, NULL, NULL, '', NULL, 'pending fill', 'warning'),
(240, 126, 72, NULL, NULL, NULL, '', NULL, 'pending fill', 'warning'),
(235, 126, 94, 'Explanation of key concepts', NULL, NULL, 'Socrates and Plato', NULL, 'pending fill', 'warning'),
(236, 86, 72, NULL, NULL, NULL, '', NULL, 'pending fill', 'warning'),
(237, 86, 72, NULL, NULL, NULL, '', NULL, 'pending fill', 'warning'),
(238, 72, 51, NULL, NULL, NULL, '', NULL, 'pending fill', 'warning'),
(239, 72, 51, NULL, NULL, NULL, '', NULL, 'pending fill', 'warning'),
(241, 103, 17, NULL, NULL, NULL, '', NULL, 'pending fill', 'warning'),
(242, 98, 68, NULL, NULL, NULL, '', NULL, 'pending fill', 'warning'),
(243, 98, 68, NULL, NULL, NULL, '', NULL, 'pending fill', 'warning'),
(244, 63, 66, NULL, NULL, NULL, '', NULL, 'pending fill', 'warning'),
(245, 86, 72, NULL, NULL, NULL, '', NULL, 'pending fill', 'warning'),
(246, 105, 28, 'Questions before the Midterm ', '', '', 'AF2006 Sainis', '', 'complete', 'success'),
(247, 125, 40, 'A recapitulation of major theoretical concepts for the midterm examination', '', '', 'Recapitulation for midterm', '', 'complete', 'success'),
(248, 63, 66, 'Help with the APA format and coherence of midterm paper.', '', '', 'APA format', '', 'complete', 'success'),
(249, 70, 8, NULL, NULL, NULL, '', NULL, 'pending fill', 'warning'),
(289, 52, 8, NULL, NULL, NULL, '', NULL, 'pending fill', 'warning'),
(251, 26, 69, 'Preparation for Midterm ', '', '', 'AF3116 Kotsias', '', 'complete', 'success'),
(252, 98, 68, NULL, NULL, NULL, '', NULL, 'pending fill', 'warning'),
(253, 98, 68, NULL, NULL, NULL, '', NULL, 'pending fill', 'warning'),
(254, 126, 72, NULL, NULL, NULL, '', NULL, 'pending fill', 'warning'),
(255, 103, 17, NULL, NULL, NULL, '', NULL, 'pending fill', 'warning'),
(256, 124, 93, 'revision for midterm', '', '', 'linear equations', '', 'complete', 'success'),
(257, 129, 75, 'Vocabulary - Words meaning  ', '', '', 'GE1000 Weiss', '', 'complete', 'success'),
(258, 35, 74, 'Student needed help with the logical progression and argumentative relevance of her paper.', '', '', 'Midterm paper', '', 'complete', 'success'),
(259, 126, 94, NULL, NULL, NULL, '', NULL, 'pending fill', 'warning'),
(260, 48, 65, NULL, NULL, NULL, '', NULL, 'pending fill', 'warning'),
(261, 72, 51, NULL, NULL, NULL, '', NULL, 'pending fill', 'warning'),
(262, 126, 94, NULL, NULL, NULL, '', NULL, 'pending fill', 'warning'),
(263, 84, 69, 'Adjusting entries - Trial Balance', '', '', 'AF2006 Kotsias', '', 'complete', 'success'),
(264, 33, 65, NULL, NULL, NULL, '', NULL, 'pending fill', 'warning'),
(265, 33, 65, NULL, NULL, NULL, '', NULL, 'pending fill', 'warning'),
(266, 86, 72, NULL, NULL, NULL, '', NULL, 'pending fill', 'warning'),
(267, 26, 37, NULL, NULL, NULL, '', NULL, 'pending fill', 'warning'),
(268, 66, 28, NULL, NULL, NULL, '', NULL, 'pending fill', 'warning'),
(269, 126, 94, NULL, NULL, NULL, '', NULL, 'pending fill', 'warning'),
(270, 126, 94, NULL, NULL, NULL, '', NULL, 'pending fill', 'warning'),
(295, 110, 75, NULL, NULL, NULL, '', NULL, 'pending fill', 'warning'),
(272, 66, 28, NULL, NULL, NULL, '', NULL, 'pending fill', 'warning'),
(273, 126, 94, NULL, NULL, NULL, '', NULL, 'pending fill', 'warning'),
(274, 26, 37, NULL, NULL, NULL, '', NULL, 'pending fill', 'warning'),
(275, 126, 94, NULL, NULL, NULL, '', NULL, 'pending fill', 'warning'),
(276, 126, 94, NULL, NULL, NULL, '', NULL, 'pending fill', 'warning'),
(277, 126, 94, NULL, NULL, NULL, '', NULL, 'pending fill', 'warning'),
(278, 44, 57, NULL, NULL, NULL, '', NULL, 'pending fill', 'warning'),
(279, 44, 57, 'APA in-text citation on a power-point document.', NULL, NULL, 'APA Referencing', NULL, 'pending fill', 'warning'),
(280, 121, 91, NULL, NULL, NULL, '', NULL, 'pending fill', 'warning'),
(281, 65, 38, NULL, NULL, NULL, '', NULL, 'pending fill', 'warning'),
(282, 114, 7, 'Going through the draft that he wrote', '', '', 'WP 1111 Analysis Essay', '', 'complete', 'success'),
(283, 113, 75, NULL, NULL, NULL, '', NULL, 'pending fill', 'warning'),
(284, 117, 17, NULL, NULL, NULL, '', NULL, 'pending fill', 'warning'),
(285, 118, 17, NULL, NULL, NULL, '', NULL, 'pending fill', 'warning'),
(286, 93, 80, 'Student cancelled the session.', '', '', 'Student cancelled the session.', '', 'complete', 'success'),
(298, 130, 16, NULL, NULL, NULL, '', NULL, 'pending fill', 'warning'),
(288, 116, 89, 'The student was concerned on how to study and deal with the art history material. He also asked for ways of identifying the important issues of each art work.', '', '', 'Way of studying art history material for the midterm exam', '', 'complete', 'success'),
(299, 12, 10, 'preparation for midterm', '', '', 'linear equations, programming, gaussian elimination', '', 'complete', 'success'),
(300, 13, 98, NULL, NULL, NULL, '', NULL, 'pending fill', 'warning'),
(301, 83, 17, NULL, NULL, NULL, '', NULL, 'pending fill', 'warning'),
(302, 122, 17, NULL, NULL, NULL, '', NULL, 'pending fill', 'warning'),
(303, 126, 94, NULL, NULL, NULL, '', NULL, 'pending fill', 'warning'),
(308, 19, 10, NULL, NULL, NULL, '', NULL, 'pending fill', 'warning'),
(309, 14, 80, NULL, NULL, NULL, '', NULL, 'pending fill', 'warning'),
(331, 144, 104, NULL, NULL, NULL, '', NULL, 'pending fill', 'warning'),
(311, 83, 17, NULL, NULL, NULL, '', NULL, 'pending fill', 'warning'),
(312, 36, 103, NULL, NULL, NULL, '', NULL, 'pending fill', 'warning'),
(313, 69, 94, NULL, NULL, NULL, '', NULL, 'pending fill', 'warning'),
(314, 23, 100, NULL, NULL, NULL, '', NULL, 'pending fill', 'warning'),
(315, 34, 8, NULL, NULL, NULL, '', NULL, 'pending fill', 'warning'),
(316, 22, 60, NULL, NULL, NULL, '', NULL, 'pending fill', 'warning'),
(317, 21, 17, NULL, NULL, NULL, '', NULL, 'pending fill', 'warning'),
(318, 33, 65, NULL, NULL, NULL, '', NULL, 'pending fill', 'warning'),
(319, 14, 80, NULL, NULL, NULL, '', NULL, 'pending fill', 'warning'),
(320, 30, 18, NULL, NULL, NULL, '', NULL, 'pending fill', 'warning'),
(321, 19, 10, NULL, NULL, NULL, '', NULL, 'pending fill', 'warning'),
(322, 27, 8, NULL, NULL, NULL, '', NULL, 'pending fill', 'warning'),
(323, 26, 68, 'Interview Questions, case study topic selection, structure, paragraph writing, sentence development, reference evaluation', '', '', 'OB Project', '', 'pending validation', 'warning'),
(324, 25, 20, NULL, NULL, NULL, '', NULL, 'pending fill', 'warning'),
(325, 24, 68, NULL, NULL, NULL, '', NULL, 'pending fill', 'warning'),
(326, 44, 31, 'Structure, idea development, finalising topic', '', '', 'New Venture Project', '', 'pending validation', 'warning'),
(327, 23, 100, NULL, NULL, NULL, '', NULL, 'pending fill', 'warning'),
(328, 21, 17, NULL, NULL, NULL, '', NULL, 'pending fill', 'warning'),
(329, 24, 68, NULL, NULL, NULL, '', NULL, 'pending fill', 'warning'),
(330, 20, 6, NULL, NULL, NULL, '', NULL, 'pending fill', 'warning'),
(332, 83, 17, NULL, NULL, NULL, '', NULL, 'pending fill', 'warning'),
(333, 49, 66, NULL, NULL, NULL, '', NULL, 'pending fill', 'warning'),
(334, 130, 68, 'Interview Questions, Structure, References', '', '', 'HRM Project', '', 'pending validation', 'warning'),
(335, 49, 98, NULL, NULL, NULL, '', NULL, 'pending fill', 'warning'),
(336, 10, 7, NULL, NULL, NULL, '', NULL, 'pending fill', 'warning'),
(337, 24, 68, NULL, NULL, NULL, '', NULL, 'pending fill', 'warning'),
(338, 48, 65, NULL, NULL, NULL, '', NULL, 'pending fill', 'warning'),
(339, 47, 93, NULL, NULL, NULL, '', NULL, 'pending fill', 'warning'),
(340, 46, 63, NULL, NULL, NULL, '', NULL, 'pending fill', 'warning'),
(341, 45, 102, NULL, NULL, NULL, '', NULL, 'pending fill', 'warning'),
(342, 44, 31, 'Structure, idea development, finalising topic', '', '', 'New Venture Project', '', 'pending validation', 'warning'),
(343, 83, 17, NULL, NULL, NULL, '', NULL, 'pending fill', 'warning'),
(344, 43, 6, NULL, NULL, NULL, '', NULL, 'pending fill', 'warning'),
(345, 24, 68, NULL, NULL, NULL, '', NULL, 'pending fill', 'warning'),
(346, 26, 69, NULL, NULL, NULL, '', NULL, 'pending fill', 'warning'),
(347, 20, 6, NULL, NULL, NULL, '', NULL, 'pending fill', 'warning'),
(348, 19, 10, NULL, NULL, NULL, '', NULL, 'pending fill', 'warning'),
(349, 39, 7, NULL, NULL, NULL, '', NULL, 'pending fill', 'warning'),
(350, 145, 21, NULL, NULL, NULL, '', NULL, 'pending fill', 'warning'),
(351, 52, 8, NULL, NULL, NULL, '', NULL, 'pending fill', 'warning'),
(352, 78, 68, NULL, NULL, NULL, '', NULL, 'pending fill', 'warning'),
(353, 132, 66, NULL, NULL, NULL, '', NULL, 'pending fill', 'warning'),
(354, 86, 94, NULL, NULL, NULL, '', NULL, 'pending fill', 'warning'),
(355, 50, 7, NULL, NULL, NULL, '', NULL, 'pending fill', 'warning'),
(356, 94, 81, NULL, NULL, NULL, '', NULL, 'pending fill', 'warning'),
(357, 40, 78, 'Structure ', '', '', 'OB Project', '', 'pending validation', 'warning'),
(358, 107, 11, NULL, NULL, NULL, '', NULL, 'pending fill', 'warning'),
(359, 107, 11, NULL, NULL, NULL, '', NULL, 'pending fill', 'warning'),
(360, 89, 96, 'Preparation for mid-term exam and discussion of concepts relevant to the course', '', '', 'Midterm discussion', '', 'pending validation', 'warning'),
(361, 135, 7, 'Forming a correct introduction and conclusion, as well as making sure that the topic sentences were coherent', '', '', 'WP 1010 Extended Summary project', '', 'pending validation', 'warning'),
(362, 132, 7, NULL, NULL, NULL, '', NULL, 'pending fill', 'warning'),
(363, 83, 17, NULL, NULL, NULL, '', NULL, 'pending fill', 'warning'),
(364, 86, 94, NULL, NULL, NULL, '', NULL, 'pending fill', 'warning'),
(365, 95, 8, 'No session.', '', '', 'No session.', '', 'pending validation', 'warning'),
(366, 137, 7, NULL, NULL, NULL, '', NULL, 'pending fill', 'warning'),
(367, 54, 65, NULL, NULL, NULL, '', NULL, 'pending fill', 'warning'),
(368, 53, 65, NULL, NULL, NULL, '', NULL, 'pending fill', 'warning'),
(369, 52, 8, NULL, NULL, NULL, '', NULL, 'pending fill', 'warning'),
(370, 138, 102, NULL, NULL, NULL, '', NULL, 'pending fill', 'warning'),
(371, 51, 11, NULL, NULL, NULL, '', NULL, 'pending fill', 'warning'),
(372, 152, 58, NULL, NULL, NULL, '', NULL, 'pending fill', 'warning'),
(373, 38, 82, NULL, NULL, NULL, '', NULL, 'pending fill', 'warning'),
(374, 129, 55, NULL, NULL, NULL, '', NULL, 'pending fill', 'warning'),
(375, 134, 33, NULL, NULL, NULL, '', NULL, 'pending fill', 'warning'),
(376, 37, 76, NULL, NULL, NULL, '', NULL, 'pending fill', 'warning'),
(377, 83, 17, NULL, NULL, NULL, '', NULL, 'pending fill', 'warning'),
(378, 19, 10, NULL, NULL, NULL, '', NULL, 'pending fill', 'warning'),
(379, 57, 63, NULL, NULL, NULL, '', NULL, 'pending fill', 'warning'),
(380, 55, 82, NULL, NULL, NULL, '', NULL, 'pending fill', 'warning'),
(381, 30, 18, NULL, NULL, NULL, '', NULL, 'pending fill', 'warning'),
(382, 20, 6, NULL, NULL, NULL, '', NULL, 'pending fill', 'warning'),
(383, 85, 76, NULL, NULL, NULL, '', NULL, 'pending fill', 'warning'),
(384, 65, 38, NULL, NULL, NULL, '', NULL, 'pending fill', 'warning'),
(385, 35, 82, NULL, NULL, NULL, '', NULL, 'pending fill', 'warning'),
(386, 61, 82, NULL, NULL, NULL, '', NULL, 'pending fill', 'warning'),
(387, 138, 7, NULL, NULL, NULL, '', NULL, 'pending fill', 'warning'),
(388, 57, 63, NULL, NULL, NULL, '', NULL, 'pending fill', 'warning'),
(389, 153, 109, NULL, NULL, NULL, '', NULL, 'pending fill', 'warning'),
(390, 120, 90, NULL, NULL, NULL, '', NULL, 'pending fill', 'warning'),
(391, 126, 94, NULL, NULL, NULL, '', NULL, 'pending fill', 'warning'),
(392, 9, 30, NULL, NULL, NULL, '', NULL, 'pending fill', 'warning'),
(393, 137, 97, 'The student was concerned about the way of studying, the form of the exam and the identification of the important points of the material.', '', 'The student was advised to have a new appointment before his exam and after having studied the material in order to discuss more specific problems and answer his questions.', 'General advice and concerns for the midterm', '', 'pending validation', 'warning'),
(394, 126, 94, NULL, NULL, NULL, '', NULL, 'pending fill', 'warning'),
(395, 124, 93, NULL, NULL, NULL, '', NULL, 'pending fill', 'warning'),
(396, 78, 68, NULL, NULL, NULL, '', NULL, 'pending fill', 'warning'),
(397, 126, 94, NULL, NULL, NULL, '', NULL, 'pending fill', 'warning'),
(398, 128, 95, NULL, NULL, NULL, '', NULL, 'pending fill', 'warning'),
(399, 20, 6, NULL, NULL, NULL, '', NULL, 'pending fill', 'warning'),
(400, 26, 69, NULL, NULL, NULL, '', NULL, 'pending fill', 'warning'),
(401, 51, 10, NULL, NULL, NULL, '', NULL, 'pending fill', 'warning'),
(402, 70, 8, NULL, NULL, NULL, '', NULL, 'pending fill', 'warning'),
(403, 41, 84, NULL, NULL, NULL, '', NULL, 'pending fill', 'warning'),
(404, 77, 67, NULL, NULL, NULL, '', NULL, 'pending fill', 'warning');

-- --------------------------------------------------------

--
-- Table structure for table `secretary`
--

CREATE TABLE IF NOT EXISTS `secretary` (
  `user_id` int(11) NOT NULL,
  `user_types_id` int(11) NOT NULL,
  PRIMARY KEY (`user_id`),
  KEY `fk_secretary_user_types1_idx` (`user_types_id`)
) ENGINE=MyISAM DEFAULT CHARSET=utf8;

-- --------------------------------------------------------

--
-- Table structure for table `student`
--

CREATE TABLE IF NOT EXISTS `student` (
  `id` int(11) NOT NULL AUTO_INCREMENT,
  `studentId` int(7) NOT NULL,
  `email` varchar(125) NOT NULL,
  `f_name` varchar(45) NOT NULL,
  `l_name` varchar(45) NOT NULL,
  `mobile` varchar(10) DEFAULT NULL,
  `ci` double DEFAULT NULL,
  `credits` int(3) DEFAULT NULL,
  `major_id` int(11) NOT NULL,
  PRIMARY KEY (`id`),
  UNIQUE KEY `email_UNIQUE` (`email`),
  UNIQUE KEY `studentId_UNIQUE` (`studentId`),
  UNIQUE KEY `mobile_UNIQUE` (`mobile`),
  KEY `fk_student_major1_idx` (`major_id`)
) ENGINE=MyISAM  DEFAULT CHARSET=utf8 AUTO_INCREMENT=170 ;

--
-- Dumping data for table `student`
--

INSERT INTO `student` (`id`, `studentId`, `email`, `f_name`, `l_name`, `mobile`, `ci`, `credits`, `major_id`) VALUES
(8, 126198, 'a.villiotis@acg.edu', 'Aggelos', 'Villiotis', '6985734144', 2.9, 65, 4),
(9, 131775, 'd.kategianni@acg.edu', 'Dimitra', 'Kategianni', '6978834430', 3.06, NULL, 9),
(10, 180492, 'n.zouganeli@acg.edu', 'Zouganeli', 'Natasa', '6930845080', NULL, NULL, 10),
(11, 182121, 'e.stoeva@acg.edu', 'Stoeva', 'Elena', '6974699815', NULL, NULL, 7),
(12, 185399, 's.skitsas@acg.edu', 'Spyros', 'Skitsas', '6970018480', NULL, NULL, 4),
(13, 125388, 'eleni.katsouli@acg.edu', 'Eleni', 'Katsouli', '6982007647', NULL, NULL, 20),
(14, 125941, 'i.argyraki@acg.edu', 'Ioanna', 'Argyraki', '6989374009', NULL, NULL, 10),
(15, 134846, 'a.skavantzou@acg.edu', 'Areti', 'Skavantzou', '6948609545', NULL, NULL, 21),
(16, 176850, 'e.karveli@acg.edu', 'Evmorfia', 'Karveli', '6980305577', NULL, NULL, 9),
(17, 177897, 'm.giourokelis@acg.edu', 'Marios', 'Giourokelis', '6938213522', NULL, NULL, 9),
(18, 117366, 'e.karaoulani@acg.edu', 'Eftychia', 'Karaoulani', '6942546844', NULL, NULL, 18),
(19, 186036, 'I.Magkanas@acg.edu', 'Iraklis ', 'Magkanas', '6981607820', NULL, NULL, 22),
(20, 174884, 'm.veinoglou@acg.edu', 'Marianna', 'Veinoglou', '6944689346', NULL, NULL, 4),
(21, 116482, 'p.karamanea@acg.edu', 'Panagiota', 'Karamanea', '6942988531', NULL, NULL, 9),
(22, 185795, 'R.Koumoundourou@acg.edu', 'Ragia', 'Koumoundourou', '6978528623', NULL, NULL, 4),
(23, 180486, 'a.sourlis@acg.edu', 'Aristotelis', 'Sourlis', '6988416421', NULL, NULL, 13),
(24, 131889, 'eleni.ioannou@acg.edu', 'Eleni', 'Ioannou', '6982303215', NULL, NULL, 9),
(25, 137027, 'd.karipi@acg.edu', 'Dimitra', 'Karipi', '6983308057', NULL, NULL, 5),
(26, 136229, 'dimitrios.prifti@acg.edu', 'Dimitris', 'Priftis', '6976989675', NULL, NULL, 9),
(27, 186035, 'a.kotsaki@acg.edu', 'Anna Alexia', 'Kotsaki', '6944647369', NULL, NULL, 4),
(28, 186766, 'E.karatzogiannis@acg.edu', 'Eleutherios Gerasimos', 'Karatzogiannis', '6985013022', NULL, NULL, 18),
(29, 186334, 'k.tsimpoukas@acg.edu', 'Kostas', 'Tsimpoukas', '6986871512', NULL, NULL, 4),
(30, 126171, 'k.papadaki@acg.edu', 'Kalomoira', 'Papadaki', '6948647135', NULL, NULL, 18),
(31, 184105, 'v.kokkinos@acg.edu', 'Vasilis', 'Kokkinos', '6986832899', NULL, NULL, 4),
(32, 135200, 'Lydia.georgiou@acg.edu', 'Lydia', 'Georgiou', '6984424432', NULL, NULL, 4),
(33, 175567, 'i.rozolis@acg.edu', 'Ioannis', 'Rozolis', '6974343305', NULL, NULL, 4),
(34, 121184, 'm.bompola@acg.edu', 'Maria', 'Bompola', '6951817180', NULL, NULL, 11),
(35, 118426, 'v.leventi@acg.esu', 'Vasiliki', 'Leventi', '6980281037', NULL, NULL, 18),
(36, 126108, 'p.papadopetraki@acg.edu', 'Panagiota', 'Papadopetraki', '6940268842', NULL, NULL, 18),
(37, 127680, 'e.pouliou@acg.edu', 'Eleni', 'Pouliou', '6978796936', NULL, NULL, 5),
(38, 106331, 'i.davakis@acg.edu', 'Giannis', 'Davakis', '6944835333', NULL, NULL, 22),
(39, 185066, 'a.rigou@acg.edu', 'Adriana', 'Rigou', '6986990500', NULL, NULL, 11),
(40, 121668, 'n.skatsika@acg.edu', 'Natalia', 'Skatsika', '6984139050', NULL, NULL, 10),
(41, 126278, 'john.stravopodis@gmail.com', 'Ioannis', 'Stravopodis', '6988031163', NULL, NULL, 4),
(42, 186427, 'e.siatra@acg.edu', 'Eleni', 'Siatra', '6945737052', NULL, NULL, 4),
(43, 126269, 'm.tavernaraki@acg.edu', 'Marina', 'Tavernaraki', '6976014293', NULL, NULL, 10),
(44, 130048, 'a.filippopoulou@acg.edu', 'Nasia', 'Filippopoulou', '6948751947', NULL, NULL, 12),
(45, 175757, 'p.eleni@acg.edu', 'Eleni', 'Pari', '6934739213', NULL, NULL, 18),
(46, 175077, 'viktoria.nikolaou@acg.edu', 'Viktoria', 'Nikolaou', '6980766285', NULL, NULL, 10),
(47, 184103, 'v.bouronikos@acg.edu', 'Vasileios', 'Bouronikos', '6982856262', NULL, NULL, 7),
(48, 178461, 'a.smith@acg.edu', 'Athena', 'Smith', '6949987200', NULL, NULL, 4),
(49, 121182, 'i.karavas@acg.edu', 'Ioannis', 'Karavas', '6979528735', NULL, NULL, 18),
(50, 184547, 'e.andrianaki@acg.edu', 'Elmina Eleni', 'Andrianaki', '6989779668', NULL, NULL, 4),
(51, 175044, 'a.gennatou@acg.edu', 'Aikaterini', 'Gennatou', '6941655156', NULL, NULL, 10),
(52, 135933, 'm.christodoulou@acg.edu', 'Marianna', 'Christodoulou', '6970487347', NULL, NULL, 10),
(53, 170121, 'g.papoulia@acg.edu', 'Glykeria', 'Papoulia', '6976711482', NULL, NULL, 9),
(54, 175575, 'm.rizogianni@acg.edu', 'Maria', 'Rizogianni', '6985888196', NULL, NULL, 18),
(55, 128616, 'a.eskiglou@acg.edu', 'Eskiglou', 'Amalia', '6984012201', NULL, NULL, 18),
(56, 131953, 'a.germanou@acg.edu', 'Antonia', 'Germanou', '6948543825', NULL, NULL, 10),
(57, 137142, 'e.skouroliakou@acg.edu', 'Efstathia', 'Skouroliakou', '6988724923', NULL, NULL, 18),
(58, 118455, 'v.breguta@acg.edu', 'Victoria', 'Breguta', '6938439466', NULL, NULL, 5),
(59, 118723, 'v.mitrelis@acg.edu', 'Vasilis', 'Mitrelis', '6980734372', NULL, NULL, 5),
(60, 128002, 'v.voskidi@acg.edu', 'Vasiliki', 'Voskidi', '6975787045', NULL, NULL, 11),
(61, 118761, 'e.bomboli@acg.edu', 'Elli', 'Bomboli', '6955582645', NULL, NULL, 19),
(62, 136509, 'alexandros.vogiatzis@acg.edu', 'Alexandros', 'Vogiatzis', '6944975585', NULL, NULL, 9),
(63, 177765, 'i.lytra@acg.edu', 'Ermioni', 'Lytra', '6942051322', NULL, NULL, 22),
(64, 175359, 't.tsinonis@acg.edu', 'Theoni', 'Tsinonis', '6985769362', NULL, NULL, 7),
(65, 131205, 'a.buzo@acg.edu', 'Aggelina', 'Buzo', '6986823319', NULL, NULL, 13),
(66, 123238, 'v.mouchtis@acg.edu', 'Vaggelis', 'Mouchtis', '6978469628', NULL, NULL, 10),
(67, 137423, 's.armaos@acg.edu', 'Spyridon', 'Armaos', '6972369679', NULL, NULL, 4),
(68, 135126, 't.sayegh@acg.edu', 'Tatiana', 'Sayegh', '6949983589', NULL, NULL, 4),
(69, 176346, 'i.maragkoudakis@acg.edu', 'Ioannis', 'Maragkoudakis', '6945873381', NULL, NULL, 8),
(70, 134655, 'kontog1821@hotmail.com', 'Konstantinos', 'Togkas', '6949472788', NULL, NULL, 9),
(71, 126767, 'v.ntatsi@acg.edu', 'Vasiliki', 'Ntatsi', '6956010449', NULL, NULL, 7),
(72, 135136, 's.kampoli@acg.edu', 'Stefania', 'Kampoli', '6973636966', NULL, NULL, 4),
(73, 124899, 'n.kaltsou@acg.edu', 'Natalia', 'Kaltsou', '6985571449', NULL, NULL, 18),
(74, 125713, 'e.komninou@acg.edu', 'Emmanouela', 'Komninou', '6986563726', NULL, NULL, 9),
(75, 175832, 'i.corotcova@acg.edu', 'Ilona', 'Corotcova', '5645646456', NULL, NULL, 2),
(76, 186914, 'r.belimpasaki@acg.edu', 'Revekka', 'Belimpasaki', '6978381991', NULL, NULL, 22),
(77, 125552, 'n.vasiliadou@acg.edu', 'Nare', 'Vasiliadou', '6972455883', NULL, NULL, 5),
(78, 126208, 'a.boulougari@acg.edu', 'Andromachi', 'Boulougari', '6978165169', NULL, NULL, 7),
(79, 121508, 'a.silvestridis@acg.edu', 'Alexandros', 'Silvestridis', '6974600007', NULL, NULL, 9),
(80, 134728, 'm.karachalia@acg.edu', 'Maria', 'Karachalia', '6932385739', NULL, NULL, 10),
(81, 131909, 'a.lagoupoulou@acg.edu', 'Alkisti', 'Lagopoulou', '6970279385', NULL, NULL, 8),
(82, 175620, 'k.tsaliki@acg.edu', 'Konstantina', 'Tsaliki', '6972312196', NULL, NULL, 4),
(83, 119558, 'p.charagkionis@acg.edu', 'Phaedon', 'Charagkionis', '6981247400', NULL, NULL, 9),
(84, 135851, 'i.toutsidi@acg.edu', 'Ioanna', 'Toutsidi', '6984553772', NULL, NULL, 7),
(85, 185778, 'm.lappa@acg.edu', 'Myrto ', 'Lappa', '6972445050', NULL, NULL, 2),
(86, 123456, 'sass@acg.edu', 'Will', 'Notcome', '6912345678', NULL, NULL, 2),
(87, 119607, 's.gavrilaki@acg.edu', 'Sofia', 'Gavrilaki', '6978399752', 3.25, NULL, 11),
(88, 176287, 'r.talantsev@acg.edu', 'Rouslan', 'Talantsev', '6985637369', NULL, NULL, 9),
(89, 176819, 'e.laou@acg.edu', 'Elli Eleni', 'Laou', '6974663171', NULL, NULL, 14),
(90, 174389, 'g.alvertis@acg.edu', 'Georgios', 'Alvertis', '6978126293', NULL, NULL, 18),
(91, 186338, 'm.palamari@acg.edu', 'Maria', 'Palamari', '6984910643', NULL, NULL, 4),
(92, 185516, 'g.theodosiou@acg.edu', 'Giovan', 'Theodosiou', '6976070908', NULL, NULL, 5),
(93, 120056, 'm.papaioannou@acg.edu', 'Maria', 'Papaioannou', '6978838266', NULL, NULL, 5),
(94, 185590, 'el_engineeriya7@windowslive.com', 'Basmeh', 'Sabbati', '6907735523', NULL, NULL, 2),
(95, 174765, 'f.christatou@acg.edu', 'Foteini', 'Christatou', '6942711067', NULL, NULL, 12),
(96, 131963, 'l.stefani@acg.edu', 'Lamprini', 'Stefani', '6970440000', NULL, NULL, 11),
(97, 131417, 'a.karachaliou@acg.edu', 'Aikaterini', 'Karachaliou', '6971802503', NULL, NULL, 4),
(98, 117682, 'a.esdras@acg.edu', 'Avraam', 'Esdras', '6942697039', NULL, NULL, 23),
(99, 131585, 'p.chalampalakis@acg.edu', 'Petros', 'Chalampalakis', '6982300855', NULL, NULL, 9),
(100, 126371, 'e.verra@acg.edu', 'Eleni', 'Verra', '6976286195', NULL, NULL, 18),
(101, 187580, 'o.gkarana@acg.edu', 'Ouiliam Valerio', 'Gkarana', '6944713438', NULL, NULL, 18),
(102, 184847, 'D.Agriou@acg.edu', 'Dimitra', 'Agriou', '6974690000', NULL, NULL, 9),
(103, 185568, 'e.avedissian@acg.edu', 'Emma', 'Avedissian', '6949469321', NULL, NULL, 4),
(104, 173043, 't.mecani@acg.edu', 'Thalia', 'Mecani', '6977794421', NULL, NULL, 18),
(105, 136605, 'a.konstantopoulou@acg.edu', 'Anna', 'Konstantopoulou', '6984958574', NULL, NULL, 5),
(106, 136563, 'a.voutsara@acg.edu', 'Anastasia', 'Voutsara', '6985940120', NULL, NULL, 2),
(107, 128240, 'e.tzempelikou@acg.edu', 'Eleni', 'Tzempelikou', '6949836201', 3.83, NULL, 12),
(108, 135995, 'p.anastasakis@acg.edu', 'Penelope', 'Anastasakis', '6982136576', 2.98, NULL, 9),
(109, 187250, 'A.MICHAILIDIS@ACG.EDU', 'Antonios', 'Michailidis', '6980812289', NULL, NULL, 17),
(110, 180141, 'a.karain@acg.edu', 'Alexia', 'Karain', '6980521705', NULL, NULL, 16),
(111, 180360, 'a.papadopoulou@acg.edu', 'Alexandra', 'Papadopoulou', '6972979943', NULL, NULL, 16),
(112, 174651, 'a.tavanli@acg.edu', 'Anna Maria', 'Tavanli', '6945089675', NULL, NULL, 7),
(113, 184863, 'o.karaisarli@acg.edu', 'Olga', 'Karaisarli', '6975228672', NULL, NULL, 12),
(114, 175343, 'k.vourvachis@acg.edu', 'Konstantinos', 'Vourvachis', '6950211327', NULL, NULL, 6),
(115, 176773, 'm.vazouras@acg.edu', 'Michail', 'Vazouras', '6987764356', NULL, NULL, 18),
(116, 130282, 'a.pananakakis@acg.edu', 'Alkiviadis', 'Pananakakis', '6978642718', 2.02, NULL, 16),
(117, 173594, 'c.doukaki@acg.edu', 'Christina', 'Doukaki', '6973172812', NULL, NULL, 9),
(118, 174813, 'a.simopoulou@acg.edu', 'Athanasia', 'Simopoulou', '6982315813', NULL, NULL, 4),
(119, 136101, 'p.mavridakis@acg.edu', 'Panagiotis', 'Mavridakis', '6989919602', NULL, NULL, 9),
(120, 126207, 'o.panteli@acg.edu', 'Orfeas', 'Panteli', '6993547978', NULL, NULL, 9),
(121, 135998, 'a.karnomouraki@acg.edu', 'Agni Christina', 'Karnomouraki', '6978260067', NULL, NULL, 5),
(122, 126202, 'p.manesis@acg.edu', 'Panagiotis', 'Manesis', '6986188599', NULL, NULL, 10),
(123, 178819, 'alexjersey069@gmail.com', 'Pevman Alexandros', 'Pentram Razani', '6982332588', NULL, NULL, 9),
(124, 185764, 't.ramisch@acg.edu', 'Thomas', 'Rasmisch', '6980379238', NULL, NULL, 4),
(125, 180045, 'n.tsopouzidis@acg.edu', 'Nikolaos', 'Tsopouzidis', '6975935138', NULL, NULL, 9),
(126, 987654, 'dummystudent@acg.edu', 'Dummy student ', 'Dummy student ', '6969696969', 4, NULL, 2),
(127, 130786, 'n.brennan@acg.edu', 'Nastassja', 'Brennan De Vine', '6942642953', NULL, NULL, 18),
(128, 137286, 'c.georgiadi@acg.edu', 'Christina', 'Georgiadi', '6940509776', NULL, NULL, 9),
(129, 181182, 'y.yang@acg.edu', 'Yi', 'Yang', '6937037278', NULL, NULL, 17),
(130, 184360, 'K.kim@acg.edu', 'Kyumi', 'Kim', '6949824114', NULL, NULL, 9),
(131, 135237, 'm.vrachni@acg.edu', 'Maria Daphne ', 'Vrachni', '6976837035', NULL, NULL, 10),
(132, 178995, 'e.dimitris@acg.edu', 'Evangelos', 'Dimitris', '6943270465', NULL, NULL, 4),
(133, 177230, 'e.peratinou@acg.edu', 'Eleni', 'Peratinou', '6985066981', NULL, NULL, 9),
(134, 185060, 'y.tyhonova@acg.edu', 'Yelyzaveta', 'Tykhonova', '6936334755', NULL, NULL, 13),
(135, 179332, 'm.manoli@acg.edu', 'Maria', 'Manoli', '6980133949', NULL, NULL, 2),
(136, 125512, 'o.athanasiou@acg.edu', 'Orfeas', 'Athanasiou', '6941511130', NULL, NULL, 10),
(137, 178925, 'm.pavlakis@acg.edu', 'Marios', 'Pavlakis', '6944825625', NULL, NULL, 7),
(138, 137372, 's.bouhabib@acg.edu', 'Sophia', 'Bou Habib', '6957684225', NULL, NULL, 11),
(139, 174993, 'e.tsalamagkou@acg.edu', 'Eleni Anna', 'Tsalamagkou', '6986820373', NULL, NULL, 4),
(140, 176560, 'anastasios.saltas@acg.edu', 'Anastasios', 'Saltas', '6978661580', NULL, NULL, 4),
(141, 186263, 'f.chafez@acg.edu', 'Filippos', 'Chafez', '6981063227', NULL, NULL, 9),
(142, 127777, 'a.christodoulopoulou@acg.edu', 'Alexia', 'Christodoulopoulou', '6978544028', NULL, NULL, 18),
(143, 131935, 'ioanna.strati@acg.edu', 'Ioanna', 'Strati', '6974901350', NULL, NULL, 9),
(144, 119670, 'e.kalokairinos@acg.edu', 'Emmanouil', 'Kalokairinos ', '6944351909', NULL, NULL, 12),
(145, 116809, 'e.koutsoukou2@acg.edu', 'Aimilia Chrysa', 'Koutsoukou', '6932733177', NULL, NULL, 18),
(146, 184998, 't.antoniadis@acg.edu', 'Theodoros', ' Antoniadis', '6909215299', NULL, NULL, 4),
(147, 186016, 'e.kofinakou@acg.edu', 'Effrosyni Maria', 'Kofinakou', '6973842224', NULL, NULL, 4),
(148, 184955, 'Ksenija.kukic@acg.edu', 'Ksenija', 'Kukic', '6987004899', NULL, NULL, 11),
(149, 186290, 'a.markou@acg.edu', 'Alexia', 'Markou', '6972210701', NULL, NULL, 4),
(150, 176728, 'i.mavrofrydis@acg.edu', 'Ioannis', 'Mavrofrydis', '6946332896', NULL, NULL, 5),
(151, 137419, 'A.DerGarabedian@acg.edu', 'Ani ', 'Der Garabedian', '6974582099', NULL, NULL, 8),
(152, 174342, 'a.ivos@acg.edu', 'Alexander', 'Ivos', '6949333948', NULL, NULL, 8),
(153, 132634, 'd.paraskevopoulou@acg.edu', 'Paraskevopoulou', 'Danae', '6947950679', NULL, NULL, 24),
(154, 185347, 'c.meletiou@acg.edu', 'Christos', 'Meletiou', '6970472709', NULL, NULL, 4),
(155, 132220, 'a.vasileiou@acg.edu', 'Agapi', 'Vasileiou', '6945548885', NULL, NULL, 4),
(156, 127065, 'e.iliopoulos@acg.edu', 'Efthymios', 'Iliopoulos', '6956628040', NULL, NULL, 4),
(157, 187110, 'p.vrettou@acg.edu', 'Paraskevi', 'Vrettou', '6980630604', NULL, NULL, 4),
(158, 134645, 'n.fiorentinos@acg.edu', 'Nikolaos', 'Fiorentinos', '6942957103', NULL, NULL, 9),
(159, 304079, 'd.krousis@acg.edu', 'Dimitrios', 'Krousis Paliaros', '6970053973', NULL, NULL, 4),
(160, 136225, 'p.vidouris@acg.edu', 'Petros', 'Vidouris', '6942797250', NULL, NULL, 19),
(161, 177152, 'n.gounaris@acg.edu', 'Nikolaos', 'Gounaris', '6972488132', NULL, NULL, 18),
(162, 176266, 'c.lampadari@acg.edu', 'Christina', 'Lampadari', '6980298929', NULL, NULL, 10),
(163, 179177, 'a.aspioti@acg.edu', 'Anna', 'Aspioti', '6946130880', NULL, NULL, 8),
(164, 136460, 'a.bega@acg.edu', 'Athina', 'Bega', '6906890411', NULL, NULL, 9),
(165, 117843, 's.katakou@acg.edu', 'Sofia', 'Katakou', '6977091734', NULL, NULL, 13),
(166, 130833, 'a.galal@acg.edu', 'Alex', 'Galal', '6949044347', NULL, NULL, 14),
(167, 135950, 'd.panagiotakopoulos@acg.edu', 'Dionysios', 'Panagiotakopoulos', '6984450380', NULL, NULL, 12),
(168, 186244, 'm.apospori@acg.edu', 'Myrsini', 'Apospori', '6948593428', NULL, NULL, 4),
(169, 125295, 'k.sigalas@acg.edu', 'Konstantinos', 'Sigalas', '6946932826', NULL, NULL, 13);

-- --------------------------------------------------------

--
-- Table structure for table `student_brought_along`
--

CREATE TABLE IF NOT EXISTS `student_brought_along` (
  `report_id` int(11) NOT NULL,
  `assignment_graded` tinyint(1) NOT NULL DEFAULT '0',
  `draft` tinyint(1) NOT NULL DEFAULT '0',
  `instructors_feedback` tinyint(1) NOT NULL DEFAULT '0',
  `textbook` tinyint(1) NOT NULL DEFAULT '0',
  `notes` tinyint(1) NOT NULL DEFAULT '0',
  `assignment_sheet` tinyint(1) NOT NULL DEFAULT '0',
  `exercise_on` varchar(45) DEFAULT NULL,
  `other` varchar(45) DEFAULT NULL,
  PRIMARY KEY (`report_id`),
  UNIQUE KEY `report_id` (`report_id`)
) ENGINE=MyISAM DEFAULT CHARSET=utf8;

--
-- Dumping data for table `student_brought_along`
--

INSERT INTO `student_brought_along` (`report_id`, `assignment_graded`, `draft`, `instructors_feedback`, `textbook`, `notes`, `assignment_sheet`, `exercise_on`, `other`) VALUES
(171, 1, 0, 0, 0, 0, 0, NULL, 'nothing'),
(172, 0, 0, 0, 0, 0, 0, NULL, NULL),
(173, 1, 0, 0, 0, 0, 0, NULL, 'nothing'),
(174, 1, 0, 0, 0, 0, 0, NULL, NULL),
(175, 0, 0, 0, 0, 0, 0, NULL, NULL),
(176, 0, 0, 0, 0, 0, 0, NULL, NULL),
(177, 0, 0, 0, 0, 0, 0, NULL, NULL),
(178, 0, 0, 0, 0, 1, 0, NULL, NULL),
(179, 1, 0, 1, 0, 0, 0, NULL, NULL),
(180, 0, 0, 0, 0, 0, 0, NULL, NULL),
(181, 0, 0, 0, 1, 1, 0, NULL, NULL),
(182, 0, 0, 0, 0, 0, 0, NULL, NULL),
(183, 0, 0, 0, 1, 1, 1, NULL, NULL),
(184, 0, 0, 0, 0, 1, 1, NULL, NULL),
(185, 0, 0, 0, 1, 1, 1, NULL, NULL),
(186, 0, 0, 0, 0, 0, 0, NULL, NULL),
(187, 0, 0, 0, 0, 1, 0, NULL, NULL),
(188, 0, 0, 0, 0, 1, 0, NULL, NULL),
(189, 0, 0, 0, 0, 1, 0, NULL, NULL),
(190, 0, 0, 0, 0, 1, 0, NULL, NULL),
(191, 0, 0, 0, 1, 1, 1, NULL, NULL),
(192, 0, 1, 0, 0, 0, 1, NULL, NULL),
(193, 0, 0, 0, 0, 1, 0, NULL, NULL),
(194, 0, 0, 0, 0, 1, 0, NULL, NULL),
(195, 0, 0, 0, 0, 0, 0, NULL, NULL),
(196, 0, 0, 0, 1, 1, 0, NULL, NULL),
(197, 0, 0, 0, 0, 0, 0, NULL, NULL),
(294, 0, 0, 0, 0, 0, 0, NULL, NULL),
(293, 0, 0, 0, 0, 0, 0, NULL, NULL),
(291, 0, 0, 0, 0, 0, 1, NULL, NULL),
(202, 0, 1, 0, 0, 1, 0, NULL, NULL),
(203, 0, 1, 0, 0, 0, 0, NULL, NULL),
(292, 0, 0, 0, 0, 0, 0, NULL, NULL),
(290, 0, 0, 0, 0, 0, 0, NULL, NULL),
(206, 0, 0, 0, 0, 1, 0, NULL, NULL),
(207, 0, 0, 0, 0, 0, 0, NULL, 'none'),
(208, 0, 0, 0, 0, 1, 0, NULL, NULL),
(209, 0, 0, 0, 0, 0, 0, NULL, NULL),
(210, 0, 0, 0, 0, 1, 0, NULL, NULL),
(211, 0, 0, 0, 0, 0, 0, NULL, NULL),
(212, 0, 0, 0, 0, 0, 0, NULL, NULL),
(213, 0, 0, 0, 0, 0, 0, NULL, NULL),
(214, 0, 0, 0, 0, 1, 0, NULL, 'Professor''s notes.'),
(215, 0, 0, 0, 0, 0, 0, NULL, 'Primary text with some annotations.'),
(216, 0, 0, 0, 0, 0, 0, NULL, NULL),
(217, 0, 0, 0, 0, 0, 0, NULL, NULL),
(297, 0, 0, 0, 0, 0, 0, NULL, NULL),
(219, 0, 0, 0, 0, 0, 0, NULL, NULL),
(220, 0, 0, 0, 0, 0, 0, NULL, NULL),
(221, 0, 0, 0, 0, 1, 0, NULL, NULL),
(222, 0, 0, 0, 0, 0, 1, NULL, NULL),
(223, 0, 0, 0, 0, 0, 0, NULL, NULL),
(224, 0, 1, 0, 0, 0, 0, NULL, NULL),
(225, 0, 0, 1, 0, 0, 1, NULL, NULL),
(226, 0, 0, 0, 0, 0, 0, NULL, NULL),
(227, 0, 0, 0, 0, 0, 0, NULL, NULL),
(296, 0, 0, 0, 0, 0, 0, NULL, NULL),
(229, 0, 0, 0, 0, 1, 0, NULL, NULL),
(230, 0, 0, 0, 0, 0, 0, NULL, NULL),
(231, 0, 0, 0, 0, 0, 0, NULL, NULL),
(232, 0, 0, 0, 0, 1, 1, NULL, NULL),
(233, 0, 0, 0, 0, 0, 0, NULL, NULL),
(234, 0, 0, 0, 0, 0, 0, NULL, NULL),
(170, 0, 0, 0, 0, 0, 0, NULL, NULL),
(235, 0, 0, 0, 0, 1, 0, NULL, NULL),
(236, 0, 0, 0, 0, 0, 0, NULL, NULL),
(237, 0, 0, 0, 0, 0, 0, NULL, NULL),
(238, 0, 0, 0, 0, 0, 0, NULL, NULL),
(239, 0, 0, 0, 0, 0, 0, NULL, NULL),
(240, 0, 0, 0, 0, 0, 0, NULL, NULL),
(241, 0, 0, 0, 0, 0, 0, NULL, NULL),
(242, 0, 0, 0, 0, 0, 0, NULL, NULL),
(243, 0, 0, 0, 0, 0, 0, NULL, NULL),
(244, 0, 0, 0, 0, 0, 0, NULL, NULL),
(245, 0, 0, 0, 0, 0, 0, NULL, NULL),
(246, 0, 0, 0, 0, 1, 0, NULL, NULL),
(247, 0, 0, 0, 0, 0, 0, NULL, 'book'),
(248, 0, 1, 0, 0, 0, 0, NULL, NULL),
(249, 0, 0, 0, 0, 0, 0, NULL, NULL),
(289, 0, 0, 0, 0, 0, 0, NULL, NULL),
(251, 0, 0, 0, 1, 1, 0, NULL, NULL),
(252, 0, 0, 0, 0, 0, 0, NULL, NULL),
(253, 0, 0, 0, 0, 0, 0, NULL, NULL),
(254, 0, 0, 0, 0, 0, 0, NULL, NULL),
(255, 0, 0, 0, 0, 0, 0, NULL, NULL),
(256, 0, 0, 0, 0, 1, 1, NULL, NULL),
(257, 0, 0, 0, 1, 1, 0, NULL, NULL),
(258, 0, 1, 0, 0, 0, 0, NULL, NULL),
(259, 0, 0, 0, 0, 0, 0, NULL, NULL),
(260, 0, 0, 0, 0, 0, 0, NULL, NULL),
(261, 0, 0, 0, 0, 0, 0, NULL, NULL),
(262, 0, 0, 0, 0, 0, 0, NULL, NULL),
(263, 0, 0, 0, 1, 1, 0, NULL, NULL),
(264, 0, 0, 0, 0, 0, 0, NULL, NULL),
(265, 0, 0, 0, 0, 0, 0, NULL, NULL),
(266, 0, 0, 0, 0, 0, 0, NULL, NULL),
(267, 0, 0, 0, 0, 0, 0, NULL, NULL),
(268, 0, 0, 0, 0, 0, 0, NULL, NULL),
(269, 0, 0, 0, 0, 0, 0, NULL, NULL),
(270, 0, 0, 0, 0, 0, 0, NULL, NULL),
(295, 0, 0, 0, 0, 0, 0, NULL, NULL),
(272, 0, 0, 0, 0, 0, 0, NULL, NULL),
(273, 0, 0, 0, 0, 0, 0, NULL, NULL),
(274, 0, 0, 0, 0, 0, 0, NULL, NULL),
(275, 0, 0, 0, 0, 0, 0, NULL, NULL),
(276, 0, 0, 0, 0, 0, 0, NULL, NULL),
(277, 0, 0, 0, 0, 0, 0, NULL, NULL),
(278, 0, 0, 0, 0, 0, 0, NULL, NULL),
(279, 0, 0, 0, 0, 0, 0, NULL, NULL),
(280, 0, 0, 0, 0, 0, 0, NULL, NULL),
(281, 0, 0, 0, 0, 0, 0, NULL, NULL),
(282, 0, 1, 0, 1, 1, 0, NULL, NULL),
(283, 0, 0, 0, 0, 0, 0, NULL, NULL),
(284, 0, 0, 0, 0, 0, 0, NULL, NULL),
(285, 0, 0, 0, 0, 0, 0, NULL, NULL),
(286, 0, 0, 0, 0, 0, 0, NULL, 'none'),
(298, 0, 0, 0, 0, 0, 0, NULL, NULL),
(288, 0, 0, 0, 1, 0, 0, NULL, NULL),
(299, 0, 0, 0, 1, 1, 1, NULL, NULL),
(300, 0, 0, 0, 0, 0, 0, NULL, NULL),
(301, 0, 0, 0, 0, 0, 0, NULL, NULL),
(302, 0, 0, 0, 0, 0, 0, NULL, NULL),
(303, 0, 0, 0, 0, 0, 0, NULL, NULL),
(308, 0, 0, 0, 0, 0, 0, NULL, NULL),
(309, 0, 0, 0, 0, 0, 0, NULL, NULL),
(331, 0, 0, 0, 0, 0, 0, NULL, NULL),
(311, 0, 0, 0, 0, 0, 0, NULL, NULL),
(312, 0, 0, 0, 0, 0, 0, NULL, NULL),
(313, 0, 0, 0, 0, 0, 0, NULL, NULL),
(314, 0, 0, 0, 0, 0, 0, NULL, NULL),
(315, 0, 0, 0, 0, 0, 0, NULL, NULL),
(316, 0, 0, 0, 0, 0, 0, NULL, NULL),
(317, 0, 0, 0, 0, 0, 0, NULL, NULL),
(318, 0, 0, 0, 0, 0, 0, NULL, NULL),
(319, 0, 0, 0, 0, 0, 0, NULL, NULL),
(320, 0, 0, 0, 0, 0, 0, NULL, NULL),
(321, 0, 0, 0, 0, 0, 0, NULL, NULL),
(322, 0, 0, 0, 0, 0, 0, NULL, NULL),
(323, 0, 1, 1, 0, 1, 1, NULL, NULL),
(324, 0, 0, 0, 0, 0, 0, NULL, NULL),
(325, 0, 0, 0, 0, 0, 0, NULL, NULL),
(326, 0, 0, 1, 0, 0, 1, NULL, NULL),
(327, 0, 0, 0, 0, 0, 0, NULL, NULL),
(328, 0, 0, 0, 0, 0, 0, NULL, NULL),
(329, 0, 0, 0, 0, 0, 0, NULL, NULL),
(330, 0, 0, 0, 0, 0, 0, NULL, NULL),
(332, 0, 0, 0, 0, 0, 0, NULL, NULL),
(333, 0, 0, 0, 0, 0, 0, NULL, NULL),
(334, 0, 1, 1, 0, 1, 1, NULL, NULL),
(335, 0, 0, 0, 0, 0, 0, NULL, NULL),
(336, 0, 0, 0, 0, 0, 0, NULL, NULL),
(337, 0, 0, 0, 0, 0, 0, NULL, NULL),
(338, 0, 0, 0, 0, 0, 0, NULL, NULL),
(339, 0, 0, 0, 0, 0, 0, NULL, NULL),
(340, 0, 0, 0, 0, 0, 0, NULL, NULL),
(341, 0, 0, 0, 0, 0, 0, NULL, NULL),
(342, 0, 0, 1, 0, 1, 1, NULL, NULL),
(343, 0, 0, 0, 0, 0, 0, NULL, NULL),
(344, 0, 0, 0, 0, 0, 0, NULL, NULL),
(345, 0, 0, 0, 0, 0, 0, NULL, NULL),
(346, 0, 0, 0, 0, 0, 0, NULL, NULL),
(347, 0, 0, 0, 0, 0, 0, NULL, NULL),
(348, 0, 0, 0, 0, 0, 0, NULL, NULL),
(349, 0, 0, 0, 0, 0, 0, NULL, NULL),
(350, 0, 0, 0, 0, 0, 0, NULL, NULL),
(351, 0, 0, 0, 0, 0, 0, NULL, NULL),
(352, 0, 0, 0, 0, 0, 0, NULL, NULL),
(353, 0, 0, 0, 0, 0, 0, NULL, NULL),
(354, 0, 0, 0, 0, 0, 0, NULL, NULL),
(355, 0, 0, 0, 0, 0, 0, NULL, NULL),
(356, 0, 0, 0, 0, 0, 0, NULL, NULL),
(357, 0, 0, 0, 0, 0, 1, NULL, NULL),
(358, 0, 0, 0, 0, 0, 0, NULL, NULL),
(359, 0, 0, 0, 0, 0, 0, NULL, NULL),
(360, 0, 0, 0, 0, 1, 0, NULL, NULL),
(361, 0, 1, 0, 0, 1, 1, NULL, NULL),
(362, 0, 0, 0, 0, 0, 0, NULL, NULL),
(363, 0, 0, 0, 0, 0, 0, NULL, NULL),
(364, 0, 0, 0, 0, 0, 0, NULL, NULL),
(365, 0, 0, 0, 0, 0, 0, NULL, 'none'),
(366, 0, 0, 0, 0, 0, 0, NULL, NULL),
(367, 0, 0, 0, 0, 0, 0, NULL, NULL),
(368, 0, 0, 0, 0, 0, 0, NULL, NULL),
(369, 0, 0, 0, 0, 0, 0, NULL, NULL),
(370, 0, 0, 0, 0, 0, 0, NULL, NULL),
(371, 0, 0, 0, 0, 0, 0, NULL, NULL),
(372, 0, 0, 0, 0, 0, 0, NULL, NULL),
(373, 0, 0, 0, 0, 0, 0, NULL, NULL),
(374, 0, 0, 0, 0, 0, 0, NULL, NULL),
(375, 0, 0, 0, 0, 0, 0, NULL, NULL),
(376, 0, 0, 0, 0, 0, 0, NULL, NULL),
(377, 0, 0, 0, 0, 0, 0, NULL, NULL),
(378, 0, 0, 0, 0, 0, 0, NULL, NULL),
(379, 0, 0, 0, 0, 0, 0, NULL, NULL),
(380, 0, 0, 0, 0, 0, 0, NULL, NULL),
(381, 0, 0, 0, 0, 0, 0, NULL, NULL),
(382, 0, 0, 0, 0, 0, 0, NULL, NULL),
(383, 0, 0, 0, 0, 0, 0, NULL, NULL),
(384, 0, 0, 0, 0, 0, 0, NULL, NULL),
(385, 0, 0, 0, 0, 0, 0, NULL, NULL),
(386, 0, 0, 0, 0, 0, 0, NULL, NULL),
(387, 0, 0, 0, 0, 0, 0, NULL, NULL),
(388, 0, 0, 0, 0, 0, 0, NULL, NULL),
(389, 0, 0, 0, 0, 0, 0, NULL, NULL),
(390, 0, 0, 0, 0, 0, 0, NULL, NULL),
(391, 0, 0, 0, 0, 0, 0, NULL, NULL),
(392, 0, 0, 0, 0, 0, 0, NULL, NULL),
(393, 0, 0, 0, 0, 1, 0, NULL, NULL),
(394, 0, 0, 0, 0, 0, 0, NULL, NULL),
(395, 0, 0, 0, 0, 0, 0, NULL, NULL),
(396, 0, 0, 0, 0, 0, 0, NULL, NULL),
(397, 0, 0, 0, 0, 0, 0, NULL, NULL),
(398, 0, 0, 0, 0, 0, 0, NULL, NULL),
(399, 0, 0, 0, 0, 0, 0, NULL, NULL),
(400, 0, 0, 0, 0, 0, 0, NULL, NULL),
(401, 0, 0, 0, 0, 0, 0, NULL, NULL),
(402, 0, 0, 0, 0, 0, 0, NULL, NULL),
(403, 0, 0, 0, 0, 0, 0, NULL, NULL),
(404, 0, 0, 0, 0, 0, 0, NULL, NULL);

-- --------------------------------------------------------

--
-- Table structure for table `term`
--

CREATE TABLE IF NOT EXISTS `term` (
  `id` int(11) NOT NULL AUTO_INCREMENT,
  `name` varchar(45) NOT NULL,
  `start_date` timestamp NULL DEFAULT NULL,
  `end_date` timestamp NULL DEFAULT NULL,
  PRIMARY KEY (`id`),
  UNIQUE KEY `name_UNIQUE` (`name`)
) ENGINE=MyISAM  DEFAULT CHARSET=utf8 AUTO_INCREMENT=6 ;

--
-- Dumping data for table `term`
--

INSERT INTO `term` (`id`, `name`, `start_date`, `end_date`) VALUES
(2, 'Fall Semester 2014', '2014-09-15 13:39:00', '2014-12-15 15:39:00');

-- --------------------------------------------------------

--
-- Table structure for table `tutor`
--

CREATE TABLE IF NOT EXISTS `tutor` (
  `user_id` int(11) NOT NULL,
  `major_id` int(11) NOT NULL,
  PRIMARY KEY (`user_id`),
  KEY `fk_tutor_user1_idx` (`user_id`),
  KEY `fk_tutor_major1_idx` (`major_id`)
) ENGINE=MyISAM DEFAULT CHARSET=utf8;

--
-- Dumping data for table `tutor`
--

INSERT INTO `tutor` (`user_id`, `major_id`) VALUES
(26, 18),
(25, 13),
(24, 11),
(23, 13),
(22, 9),
(27, 9),
(28, 14),
(29, 11),
(30, 11),
(31, 12),
(32, 16),
(33, 18),
(34, 12),
(35, 13),
(36, 18),
(37, 18),
(38, 5),
(39, 15),
(40, 18),
(41, 18),
(42, 9),
(43, 6),
(45, 20),
(46, 12),
(49, 17),
(51, 9),
(53, 6),
(55, 7),
(57, 16),
(59, 19),
(62, 16);

-- --------------------------------------------------------

--
-- Table structure for table `tutor_has_course_has_term`
--

CREATE TABLE IF NOT EXISTS `tutor_has_course_has_term` (
  `tutor_user_id` int(11) NOT NULL,
  `course_id` int(11) NOT NULL,
  `id` int(11) NOT NULL AUTO_INCREMENT,
  `term_id` int(11) NOT NULL,
  PRIMARY KEY (`id`),
  KEY `fk_tutor_has_course_course1_idx` (`course_id`),
  KEY `fk_tutor_has_course_tutor1_idx` (`tutor_user_id`),
  KEY `fk_tutor_has_course_has_schedule_term1_idx` (`term_id`)
) ENGINE=MyISAM  DEFAULT CHARSET=utf8 AUTO_INCREMENT=343 ;

--
-- Dumping data for table `tutor_has_course_has_term`
--

INSERT INTO `tutor_has_course_has_term` (`tutor_user_id`, `course_id`, `id`, `term_id`) VALUES
(43, 15, 14, 2),
(43, 14, 13, 2),
(42, 99, 15, 2),
(42, 100, 16, 2),
(42, 101, 17, 2),
(42, 102, 18, 2),
(42, 103, 19, 2),
(49, 26, 20, 2),
(49, 41, 21, 2),
(49, 43, 22, 2),
(49, 44, 23, 2),
(49, 112, 24, 2),
(30, 52, 25, 2),
(30, 85, 26, 2),
(30, 53, 27, 2),
(30, 54, 28, 2),
(30, 55, 29, 2),
(30, 56, 30, 2),
(30, 57, 31, 2),
(40, 14, 32, 2),
(40, 27, 33, 2),
(40, 28, 34, 2),
(40, 37, 35, 2),
(40, 38, 36, 2),
(40, 40, 37, 2),
(40, 59, 38, 2),
(40, 60, 39, 2),
(40, 98, 40, 2),
(41, 39, 41, 2),
(41, 59, 42, 2),
(41, 60, 43, 2),
(41, 61, 44, 2),
(41, 62, 45, 2),
(41, 63, 46, 2),
(41, 65, 47, 2),
(41, 66, 48, 2),
(41, 68, 49, 2),
(41, 72, 50, 2),
(41, 73, 51, 2),
(41, 75, 52, 2),
(41, 76, 53, 2),
(41, 78, 54, 2),
(41, 82, 55, 2),
(41, 84, 56, 2),
(24, 26, 57, 2),
(24, 27, 58, 2),
(24, 28, 59, 2),
(24, 29, 60, 2),
(24, 30, 61, 2),
(24, 31, 62, 2),
(38, 13, 63, 2),
(38, 96, 64, 2),
(38, 97, 65, 2),
(23, 22, 66, 2),
(23, 23, 67, 2),
(23, 24, 68, 2),
(23, 25, 69, 2),
(23, 26, 70, 2),
(23, 27, 71, 2),
(23, 28, 72, 2),
(32, 14, 73, 2),
(32, 15, 74, 2),
(32, 16, 75, 2),
(32, 42, 76, 2),
(32, 86, 77, 2),
(32, 87, 78, 2),
(32, 88, 79, 2),
(32, 89, 80, 2),
(37, 94, 81, 2),
(37, 95, 82, 2),
(26, 35, 83, 2),
(26, 36, 84, 2),
(26, 37, 85, 2),
(26, 39, 86, 2),
(26, 40, 87, 2),
(49, 163, 256, 2),
(28, 114, 89, 2),
(28, 115, 90, 2),
(28, 116, 91, 2),
(28, 118, 92, 2),
(28, 119, 93, 2),
(34, 15, 94, 2),
(34, 16, 95, 2),
(34, 46, 96, 2),
(34, 58, 97, 2),
(34, 90, 98, 2),
(34, 91, 99, 2),
(31, 14, 100, 2),
(31, 46, 101, 2),
(31, 47, 102, 2),
(31, 48, 103, 2),
(31, 49, 104, 2),
(31, 50, 105, 2),
(31, 51, 106, 2),
(46, 17, 107, 2),
(46, 16, 108, 2),
(46, 15, 109, 2),
(46, 10, 110, 2),
(46, 46, 111, 2),
(46, 58, 112, 2),
(45, 104, 113, 2),
(45, 105, 114, 2),
(45, 106, 115, 2),
(45, 107, 116, 2),
(45, 108, 117, 2),
(45, 109, 118, 2),
(45, 111, 119, 2),
(45, 110, 120, 2),
(39, 109, 121, 2),
(39, 110, 122, 2),
(39, 120, 123, 2),
(39, 122, 124, 2),
(39, 123, 125, 2),
(39, 124, 126, 2),
(39, 125, 127, 2),
(39, 126, 128, 2),
(39, 127, 129, 2),
(27, 26, 130, 2),
(27, 27, 131, 2),
(27, 28, 132, 2),
(25, 26, 133, 2),
(25, 27, 134, 2),
(25, 28, 135, 2),
(25, 24, 136, 2),
(25, 25, 137, 2),
(25, 32, 138, 2),
(25, 33, 139, 2),
(25, 34, 140, 2),
(51, 27, 159, 2),
(35, 26, 183, 2),
(22, 16, 157, 2),
(22, 15, 156, 2),
(36, 40, 155, 2),
(36, 84, 154, 2),
(36, 59, 153, 2),
(36, 78, 148, 2),
(36, 38, 152, 2),
(36, 37, 151, 2),
(51, 28, 160, 2),
(51, 46, 161, 2),
(51, 86, 162, 2),
(29, 94, 163, 2),
(29, 95, 164, 2),
(29, 30, 165, 2),
(29, 53, 166, 2),
(29, 18, 167, 2),
(29, 19, 168, 2),
(29, 113, 169, 2),
(53, 130, 170, 2),
(53, 129, 171, 2),
(53, 128, 172, 2),
(53, 89, 173, 2),
(53, 14, 174, 2),
(53, 10, 175, 2),
(59, 154, 240, 2),
(26, 154, 241, 2),
(40, 154, 242, 2),
(23, 155, 243, 2),
(51, 155, 244, 2),
(35, 155, 245, 2),
(35, 159, 246, 2),
(35, 27, 184, 2),
(35, 28, 185, 2),
(35, 41, 186, 2),
(35, 45, 187, 2),
(35, 93, 188, 2),
(22, 9, 189, 2),
(22, 11, 190, 2),
(22, 12, 191, 2),
(22, 17, 192, 2),
(22, 18, 193, 2),
(22, 20, 194, 2),
(22, 21, 195, 2),
(22, 19, 196, 2),
(30, 140, 197, 2),
(55, 12, 236, 2),
(55, 11, 235, 2),
(55, 141, 200, 2),
(55, 142, 201, 2),
(55, 143, 202, 2),
(55, 144, 203, 2),
(27, 113, 204, 2),
(27, 144, 205, 2),
(27, 145, 206, 2),
(49, 156, 247, 2),
(32, 171, 271, 2),
(57, 137, 298, 2),
(23, 171, 270, 2),
(38, 171, 269, 2),
(24, 171, 268, 2),
(41, 171, 267, 2),
(49, 165, 257, 2),
(49, 166, 258, 2),
(30, 171, 265, 2),
(57, 136, 304, 2),
(43, 171, 262, 2),
(49, 171, 264, 2),
(42, 171, 263, 2),
(36, 154, 261, 2),
(49, 164, 259, 2),
(40, 171, 266, 2),
(59, 148, 224, 2),
(59, 149, 225, 2),
(59, 150, 226, 2),
(59, 151, 227, 2),
(59, 152, 228, 2),
(59, 153, 229, 2),
(32, 145, 230, 2),
(32, 146, 231, 2),
(32, 147, 232, 2),
(62, 132, 233, 2),
(62, 131, 234, 2),
(55, 21, 237, 2),
(55, 46, 238, 2),
(55, 58, 239, 2),
(49, 158, 248, 2),
(24, 157, 249, 2),
(24, 158, 250, 2),
(24, 159, 251, 2),
(32, 156, 252, 2),
(39, 156, 253, 2),
(30, 157, 254, 2),
(37, 171, 272, 2),
(53, 171, 273, 2),
(26, 171, 274, 2),
(28, 171, 275, 2),
(34, 171, 276, 2),
(31, 171, 277, 2),
(46, 171, 278, 2),
(45, 171, 279, 2),
(39, 171, 280, 2),
(27, 171, 281, 2),
(25, 171, 282, 2),
(36, 171, 283, 2),
(55, 171, 284, 2),
(22, 171, 285, 2),
(59, 171, 286, 2),
(51, 171, 287, 2),
(35, 171, 288, 2),
(29, 171, 289, 2),
(35, 172, 290, 2),
(51, 172, 291, 2),
(24, 172, 292, 2),
(25, 172, 293, 2),
(27, 172, 294, 2),
(23, 172, 295, 2),
(40, 172, 296, 2),
(49, 172, 297, 2),
(57, 135, 299, 2),
(57, 134, 300, 2),
(57, 133, 301, 2),
(57, 131, 302, 2),
(57, 89, 303, 2),
(36, 68, 305, 2),
(35, 160, 306, 2),
(35, 162, 307, 2),
(35, 161, 308, 2),
(36, 83, 309, 2),
(36, 75, 310, 2),
(27, 173, 311, 2),
(36, 61, 312, 2),
(35, 178, 313, 2),
(35, 177, 314, 2),
(35, 176, 315, 2),
(35, 175, 316, 2),
(51, 175, 317, 2),
(51, 178, 318, 2),
(51, 177, 319, 2),
(51, 176, 320, 2),
(27, 178, 321, 2),
(27, 177, 322, 2),
(27, 176, 323, 2),
(27, 175, 324, 2),
(23, 178, 325, 2),
(23, 177, 326, 2),
(23, 176, 327, 2),
(23, 175, 328, 2),
(26, 73, 329, 2),
(24, 178, 330, 2),
(24, 177, 331, 2),
(24, 176, 332, 2),
(24, 175, 333, 2),
(40, 178, 334, 2),
(40, 177, 335, 2),
(40, 176, 336, 2),
(40, 175, 337, 2),
(49, 178, 338, 2),
(49, 177, 339, 2),
(49, 176, 340, 2),
(49, 175, 341, 2),
(36, 65, 342, 2);

-- --------------------------------------------------------

--
-- Table structure for table `user`
--

CREATE TABLE IF NOT EXISTS `user` (
  `id` int(11) NOT NULL AUTO_INCREMENT,
  `email` varchar(125) NOT NULL,
  `f_name` varchar(35) NOT NULL,
  `l_name` varchar(35) NOT NULL,
  `password` varchar(512) DEFAULT NULL,
  `img_loc` varchar(125) NOT NULL DEFAULT 'assets/img/avatars/default_avatar.jpg',
  `date` timestamp NOT NULL DEFAULT CURRENT_TIMESTAMP COMMENT 'date of account creation',
  `user_types_id` int(11) NOT NULL,
  `mobile` varchar(10) DEFAULT NULL,
  `profile_description` varchar(512) DEFAULT NULL,
  `active` int(11) NOT NULL DEFAULT '1',
  `gen_string` varchar(45) DEFAULT NULL,
  `gen_string_update_at` timestamp NULL DEFAULT NULL,
  PRIMARY KEY (`id`),
  UNIQUE KEY `email_UNIQUE` (`email`),
  UNIQUE KEY `mobile_UNIQUE` (`mobile`),
  KEY `fk_user_user_types_idx` (`user_types_id`)
) ENGINE=MyISAM  DEFAULT CHARSET=utf8 AUTO_INCREMENT=64 ;

--
-- Dumping data for table `user`
--

INSERT INTO `user` (`id`, `email`, `f_name`, `l_name`, `password`, `img_loc`, `date`, `user_types_id`, `mobile`, `profile_description`, `active`, `gen_string`, `gen_string_update_at`) VALUES
(2, 'r.dokollari@gmail.com', 'Rizart', 'Dokollari', '$2y$10$pz7NNbxZYGmomJo.3Z1Fyutbp0cprQFIRVXpnaclimqx7AUVhr8NG', 'assets/img/avatars/avatar_img_2.png', '2014-09-16 13:26:42', 4, '6983827751', 'lover, hacker, vault dweller', 1, '544154538cf4c5.36998220MABWYUGRFH', '2014-10-17 20:39:31'),
(6, 'G.Skarlatos@acg.edu', 'George', 'Skarlatos', '$2y$10$VNYezLQEWkfiVWhkWv6/NO.sWjwP6WVI/axwkABBs/WNB2UM0uk62', 'assets/img/avatars/default_avatar.jpg', '2014-09-17 03:10:49', 4, '6986627210', NULL, 1, '', '2014-09-19 09:06:49'),
(22, 'a.boulougari@acg.edu', 'Andromachi', 'Boulougari', '$2y$10$AYZMgEOaBP7oe/9KEMw7uuI6CzvvSH3lExtUK6ZqevGDxddHUJzb6', 'assets/img/avatars/default_avatar.jpg', '2014-09-21 11:38:12', 6, '6978165169', NULL, 1, '543272e63e0a35.03253190CTVJGDLWPH', '2014-10-06 13:45:58'),
(9, 'a.darivaki@acg.edu', 'Aimilia', 'Darivaki', '$2y$10$75qWQlw9u8BJ4n0ldQa/s.X4BvaeqcqUJ7hVVbdn3OIyXZNPeTW7e', 'assets/img/avatars/default_avatar.jpg', '2014-09-17 09:46:11', 4, '6973361028', NULL, 1, '5419895e73c185.96454964WMCARUJGXV', '2014-09-17 13:15:10'),
(31, 'e.kalokairinos@acg.edu', 'Emmanouil', 'Kalokairinos', '$2y$10$NkrlBCZ3lC4sWZZxVqkdBuCa.C0M06QkGgy2xnXQKKdc32R3iAjGG', 'assets/img/avatars/default_avatar.jpg', '2014-09-21 11:57:17', 6, NULL, NULL, 1, '', '2014-09-21 14:58:19'),
(30, 's.gavrilaki@acg.edu', 'Sofia', 'Gavrilaki', '$2y$10$hPuojoSqmu6BAFu9IYaukuMEioNXMsnQn9xg4LaHBg9zGMClaj3F2', 'assets/img/avatars/default_avatar.jpg', '2014-09-21 11:56:37', 6, NULL, NULL, 1, '', '2014-09-21 14:57:38'),
(29, 'a.davila@acg.edu', 'Alejandra', 'Yanez Davila', NULL, 'assets/img/avatars/default_avatar.jpg', '2014-09-21 11:55:48', 6, NULL, NULL, 1, '541ebd0290efa4.13002225OANHQVDXPU', '2014-09-21 14:56:50'),
(28, 'g.ziaidis@acg.edu', 'Georgios', 'Ziaidis', '$2y$10$0i7bTcG4kNbcXL0y/AaBXueOmvHr.V8qEhOKrvTnlGzeJ/g0JBxJO', 'assets/img/avatars/default_avatar.jpg', '2014-09-21 11:54:59', 6, '6931812469', NULL, 1, '', '2014-10-06 13:34:40'),
(27, 'a.filippopoulou@acg.edu', 'Athanasia', 'Filippopoulou', '$2y$10$iwdc8vP4DDop28HLwD/sge2i0BvZ11v0dbLg31f/Q0x2m0cfUueUy', 'assets/img/avatars/default_avatar.jpg', '2014-09-21 11:51:33', 6, '6955560707', NULL, 1, '', '2014-10-07 15:10:08'),
(26, 'g.falireas@acg.edu', 'Gregory', 'Falireas', '$2y$10$3Ik1N5bHa9i4QcFMhBRsHOeeCMxyJRjxIHK7MHP1weaaV3M8vRljy', 'assets/img/avatars/default_avatar.jpg', '2014-09-21 11:50:47', 6, NULL, NULL, 1, '', '2014-10-08 02:47:22'),
(25, 'adiamantopoulou@acg.edu', 'Artemis', 'Diamantopoulou', '$2y$10$DsSMzUkXRRWVlYu0O0MFme6vO91eq4CezDUpjaIC.q6cO4MTfkaaq', 'assets/img/avatars/default_avatar.jpg', '2014-09-21 11:45:10', 6, NULL, NULL, 1, '', '2014-10-06 12:09:26'),
(23, 'm.chioti@acg.edu', 'Maria', 'Chioti', '$2y$10$MUcyt3tyBWygw59gXFJhOuXVdtrdTimP2mZs/kLHJrv.s4FWsCd2m', 'assets/img/avatars/default_avatar.jpg', '2014-09-21 11:41:24', 6, '6942853464', NULL, 1, '', '2014-09-21 14:42:26'),
(24, 'm.diamantidi@acg.edu', 'Mary', 'Diamantidis', '$2y$10$EKndoQ31IeQZ60eZlamBSOxRi1l.rnDwDzXUQXBvu/wDoQGbAn.Hy', 'assets/img/avatars/default_avatar.jpg', '2014-09-21 11:42:37', 6, NULL, NULL, 1, '', '2014-10-06 14:26:05'),
(32, 'k.karadimou@acg.edu', 'Kyriaki', 'Karadimou', '$2y$10$Dg8wAXGygReEpVrps4dhKuxf8nVkqOmRkeIgHzR/Lz/pCpgngUTyu', 'assets/img/avatars/default_avatar.jpg', '2014-09-21 11:57:52', 6, '6941601050', NULL, 1, '', '2014-10-06 08:23:51'),
(33, 'e.kolici@acg.edu', 'Edela Emmanouela', 'Kolici', '$2y$10$YWp2udYfczFk0X0VuCSYJ.zPlrBcyEnNbI4FLILVkc6DgyvNjOMgi', 'assets/img/avatars/default_avatar.jpg', '2014-09-21 11:59:22', 6, '6979258240', NULL, 0, '', '2014-09-21 15:00:24'),
(34, 'f.mouriki@acg.edu', 'Foteini Kiara', 'Mouriki', '$2y$10$OxjRBMyH85D5xcKxJ9hlQ.lH8X2rglLdVnZJSkpqrkGM93z6ZAaz.', 'assets/img/avatars/default_avatar.jpg', '2014-09-21 11:59:51', 6, '6986255773', NULL, 1, '54403e60bbe723.10933545HPTVERKLZX', '2014-10-17 00:53:36'),
(35, 'a.mylona@acg.edu', 'Alexandra', 'Mylona', '$2y$10$2DwNdPrBXDKWQcnOLbH4RO0OdWVpXQYtthvdl/qhulpV/xRsm3NEq', 'assets/img/avatars/avatar_img_35.jpg', '2014-09-21 12:00:29', 6, NULL, 'Junior Deree Student, majoring in English and American Literature, with a minor in Human Resources Management. \r\nProfessional, Friendly, Patient ', 1, '', '2014-09-21 15:01:31'),
(36, 'a.orfanopoulou@acg.edu', 'Apollonia', 'Orfanopoulou', '$2y$10$7GFuILDMmA.oPteyOaLfEuOZlnjvY45qz545OkrOyLxzAwh61ODr6', 'assets/img/avatars/default_avatar.jpg', '2014-09-21 12:01:07', 6, NULL, NULL, 1, '', '2014-09-21 15:02:09'),
(37, 'i.papadakis@acg.edu', 'Irene', 'Papadakis', '$2y$10$EmiT5R67Z4DHA7ui1cHkYegUpE3nQPpks3BLkf/O9Jm5T8R0ED5Jm', 'assets/img/avatars/default_avatar.jpg', '2014-09-21 12:01:42', 6, NULL, NULL, 1, '', '2014-09-21 15:02:44'),
(38, 'm.papaioannou@acg.edu', 'Maria Zoe', 'Papaioannou', '$2y$10$Z8484mH6l.HqycCMB9oh8.H3JtOk.sx6/6UIOh.4KC0cu2K01f1Dq', 'assets/img/avatars/avatar_img_38.jpg', '2014-09-21 12:02:35', 6, '6978838266', 'My mommy thinks I am special..', 1, '', '2014-10-05 23:42:23'),
(39, 'dale.pappas59@gmail.com', 'Dale', 'Pappas', '$2y$10$FZgcjahgCqHchkq2MPGV1OwDBeI.vEMbijZLe66YxuaUhXRAxETMK', 'assets/img/avatars/default_avatar.jpg', '2014-09-21 12:03:49', 6, NULL, NULL, 1, '', '2014-09-21 15:04:51'),
(40, 'petros.paraskevopoulos@acg.edu', 'Petros Ioannis', 'Paraskevopoulos', '$2y$10$ZmCJ6mOw8sdFcqqLairgF.ZvqtgSwChERe7tWH1TMhT1DP/llMvQq', 'assets/img/avatars/default_avatar.jpg', '2014-09-21 12:04:44', 6, NULL, NULL, 1, '', '2014-10-15 11:35:05'),
(41, 'n.saranti@acg.edu', 'Natalia', 'Saranti', '$2y$10$AMLBKpDdrK6xgD.L/HVyLeOGHqFaoz.5d98ePlJhs9VqFkjNp4WF.', 'assets/img/avatars/default_avatar.jpg', '2014-09-21 12:06:22', 6, '6945422660', NULL, 1, '', '2014-09-21 15:07:24'),
(42, 't.sotiriou@acg.edu', 'Thodoris', 'Sotiriou', '$2y$10$nUVUoauAJk3KrLaJOI32Z.prDpQzmE4jnmqtwSCI0nWFShorh7dj2', 'assets/img/avatars/avatar_img_42.jpg', '2014-09-21 12:07:01', 6, '6979340015', '1.98, blonde, MBA holder and single in NY', 1, '', '2014-09-21 15:08:03'),
(43, 'v.sotiropoulos@acg.edu', 'Vasilis', 'Sotiropoulos', '$2y$10$a3L3Ir8MMe4u5hN5ACosee1ivIZ9rcOUsLE5VNpsWajjj8e9jh0VG', 'assets/img/avatars/default_avatar.jpg', '2014-09-21 12:07:39', 6, '6984712346', NULL, 1, '', '2014-10-14 13:59:31'),
(44, 'a.sourlis@acg.edu', 'Aristotelis', 'Sourlis', '$2y$10$d.vS8i6CKak27PZ2A4.uQeVqIHB1pdNaZDBU0wbwaJq6ZiwQbCVfK', 'assets/img/avatars/default_avatar.jpg', '2014-09-21 12:08:21', 5, NULL, NULL, 1, '', '2014-10-06 12:20:02'),
(45, 'd.spyrou@acg.edu', 'Dimitrios', 'Spyrou', '$2y$10$G5djAccjCNSivN5nwQd5/ef1sCr8dETM0K6wJ1RzjrX3hrsGC6HcK', 'assets/img/avatars/default_avatar.jpg', '2014-09-21 12:09:21', 6, '6932273216', NULL, 1, '', '2014-10-17 13:21:54'),
(46, 'e.tzempelikou@acg.edu', 'Eleni', 'Tzempelikou', '$2y$10$FjIyduCkEsHoVIwL0RdMSO6xLWnMz0FoNEHujlgKFtxnhZdrlxvYG', 'assets/img/avatars/default_avatar.jpg', '2014-09-21 12:10:06', 6, NULL, NULL, 1, '', '2014-10-06 11:16:41'),
(47, 's.vallianos@acg.edu', 'Spyros', 'Vallianos', '$2y$10$wEFUpxfk7vntQChgx77gne1XZbrL0TKfWiLFD0aC2ibcj1vfPRyjS', 'assets/img/avatars/avatar_img_47.jpg', '2014-09-21 12:11:21', 5, '6947347554', NULL, 1, '', '2014-09-21 15:12:23'),
(48, 'michail.vartholomaios@acg.edu', 'Michail', 'Vartholomaios', '$2y$10$5UTgxTMLHai3FBeh9auAruu9uR9E4P/GUR2yiSgFRHncQBZyfnitS', 'assets/img/avatars/default_avatar.jpg', '2014-09-21 12:12:57', 5, NULL, NULL, 1, '', '2014-10-06 16:12:54'),
(49, 't.vasilopoulou@acg.edu', 'Theofano', 'Vasilopoulou', '$2y$10$ZwGGFQYmbyEiz4czCk/dpOlyxvEVoubRBTQqvCNX2xOCddVJyRF6m', 'assets/img/avatars/default_avatar.jpg', '2014-09-21 12:13:33', 6, NULL, NULL, 1, '', '2014-10-16 17:46:50'),
(50, 'a.villiotis@acg.edu', 'Angelos', 'Villiotis', '$2y$10$gQd0ylu4km6tVIyLkFti7eYVHIgxyPvgdIeJZ4ebSdozX67acM8a.', 'assets/img/avatars/default_avatar.jpg', '2014-09-21 12:14:09', 5, '6985734144', NULL, 1, '', '2014-10-06 10:46:52'),
(51, 'alexandros.vogiatzis@acg.edu', 'Alexandros', 'Vogiatzis', '$2y$10$V8fY9jTxZhLvU6pjXdVHpuZzlRnYZ0iGyNfAjJ6wjqaBmDh4N/34q', 'assets/img/avatars/default_avatar.jpg', '2014-09-21 12:16:22', 6, '6944975585', NULL, 1, '', '2014-10-09 16:53:59'),
(54, 'o.gkioumes@acg.edu', 'Omiros', 'Gkioumes', '$2y$10$UxaMnj2yKLuVgtXI5DRowuHO0.nSM3LryQppadERAVOYhHSKICQ4K', 'assets/img/avatars/default_avatar.jpg', '2014-09-22 14:01:15', 5, '6989595366', 'Taking Vitamins to survive', 1, '', '2014-10-09 17:04:29'),
(53, 'g.kyriazis@acg.edu', 'Gregory', 'Kyriazis', '$2y$10$K0MqxJekftMdPxo0JE3N4Oyrhv77e9SEfGq/WIaYUUlZS98e4dRw.', 'assets/img/avatars/default_avatar.jpg', '2014-09-21 16:35:43', 6, '6977596161', 'A naturally curious person who likes challenges and enjoys problem-solving in a variety of scenarios, ranging from computer programming and physics modeling to stage light designing for theater and business administration... and anything in between.', 1, '', '2014-09-21 19:36:45'),
(55, 'a.diagoupis@acg.edu', 'Antonios', 'Diagoupis', NULL, 'assets/img/avatars/default_avatar.jpg', '2014-09-25 09:36:02', 6, NULL, NULL, 1, '5423e202afd697.80737246CFMADPTGQB', '2014-09-25 12:36:02'),
(56, 'grkatsas@acg.edu', 'Gregory', 'Katsas', '$2y$10$BMhr/y7Uaem2SJ.nLf6VI.pD5xT9O2OLCtkvbo4W3YV5uxbZ.XTp.', 'assets/img/avatars/default_avatar.jpg', '2014-10-02 08:15:20', 4, NULL, NULL, 1, '', '2014-10-02 11:15:20'),
(57, 'r.dokollari@acg.edu', 'Rizart', 'Dokollari', '$2y$10$GG6TAy0vLjxX6HEIaIvN.uSaop77.sa0adgzeQD/81HOAadVm0JA6', 'assets/img/avatars/default_avatar.jpg', '2014-10-03 05:10:26', 6, NULL, 'lover, hacker, vault dweller', 1, '', '2014-10-03 08:10:26'),
(58, 'p.anastasakis@acg.edu', 'Penelope', 'Anastasakis', '$2y$10$ur5rLfd1C3oZ4CXBK6oy3e15ob8lnyBxgN5SwRkdVwIL3e9nV8INS', 'assets/img/avatars/default_avatar.jpg', '2014-10-03 12:22:25', 5, '6982136576', NULL, 1, '', '2014-10-03 15:22:25'),
(59, 'a.doulkeroglou@acg.edu', 'Alkyoni', 'Doulkeroglou', NULL, 'assets/img/avatars/default_avatar.jpg', '2014-10-03 12:50:43', 6, NULL, NULL, 1, '542e9ba3ad77b5.01216316QPSTALVYNZ', '2014-10-03 15:50:43'),
(60, 'dalepappas@yahoo.com', 'Dale', 'Pappas', '$2y$10$O7HhhKoUAtNpVxMyTvCxCuf.rrcUVmot0UsB7muheAyqsWG.Vx7iK', 'assets/img/avatars/default_avatar.jpg', '2014-10-03 13:26:37', 5, NULL, NULL, 1, '', '2014-10-15 18:18:05'),
(61, 'emmanouil.kalokairinos@hotmail.com', 'Emmanouil', 'Kalokairinos', '$2y$10$qGvLNvMNM4TBZWC/XriS6u6ZO66xFAhNxPhMg/qpxtqDABXvpAzWC', 'assets/img/avatars/default_avatar.jpg', '2014-10-03 13:27:39', 5, NULL, NULL, 1, '', '2014-10-03 16:27:39'),
(62, 'geo-i.f@hotmail.com', 'George', 'Skarlatos', '$2y$10$LS5OPlv3txiBzQ5NgcHbJO5nO9QrvLPCeFvP6PUX4cvdSHsGGWE8G', 'assets/img/avatars/default_avatar.jpg', '2014-10-07 09:59:01', 6, NULL, NULL, 1, '', '2014-10-07 12:59:01'),
(63, 'dev.sass.ms@gmail.com', 'Dummy Secretary', 'Dummy Secretary', '$2y$10$0/9Qq1us1CKadESwS8u7aOPLyFnD2T8o.JE.ZWWvGwtJsMJAttVUm', 'assets/img/avatars/default_avatar.jpg', '2014-10-14 15:13:23', 5, NULL, NULL, 1, '', '2014-10-14 18:13:23');

-- --------------------------------------------------------

--
-- Table structure for table `user_types`
--

CREATE TABLE IF NOT EXISTS `user_types` (
  `id` int(11) NOT NULL AUTO_INCREMENT,
  `type` varchar(16) NOT NULL,
  PRIMARY KEY (`id`),
  UNIQUE KEY `description_UNIQUE` (`type`)
) ENGINE=MyISAM  DEFAULT CHARSET=utf8 AUTO_INCREMENT=13 ;

--
-- Dumping data for table `user_types`
--

INSERT INTO `user_types` (`id`, `type`) VALUES
(4, 'admin'),
(5, 'secretary'),
(6, 'tutor');

-- --------------------------------------------------------

--
-- Table structure for table `work_week_hours`
--

CREATE TABLE IF NOT EXISTS `work_week_hours` (
  `id` int(11) NOT NULL AUTO_INCREMENT,
  `start` time NOT NULL,
  `end` time NOT NULL,
  `term_id` int(11) NOT NULL,
  `tutor_user_id` int(11) NOT NULL,
  `monday` tinyint(1) NOT NULL,
  `tuesday` tinyint(1) NOT NULL,
  `wednesday` tinyint(1) NOT NULL,
  `thursday` tinyint(1) NOT NULL,
  `friday` tinyint(1) NOT NULL,
  PRIMARY KEY (`id`),
  KEY `fk_work_day_schedule1_idx` (`term_id`),
  KEY `fk_work_week_hours_tutor1_idx` (`tutor_user_id`)
) ENGINE=MyISAM  DEFAULT CHARSET=utf8 AUTO_INCREMENT=93 ;

--
-- Dumping data for table `work_week_hours`
--

INSERT INTO `work_week_hours` (`id`, `start`, `end`, `term_id`, `tutor_user_id`, `monday`, `tuesday`, `wednesday`, `thursday`, `friday`) VALUES
(58, '13:30:00', '16:30:00', 2, 45, 0, 1, 0, 1, 0),
(79, '10:00:00', '12:00:00', 2, 23, 1, 0, 1, 0, 1),
(16, '11:00:00', '15:30:00', 2, 23, 0, 1, 0, 1, 0),
(59, '15:00:00', '16:00:00', 2, 46, 1, 0, 1, 0, 0),
(18, '16:30:00', '17:30:00', 2, 55, 0, 1, 0, 1, 0),
(19, '14:00:00', '16:00:00', 2, 24, 1, 0, 1, 0, 1),
(20, '11:00:00', '13:00:00', 2, 25, 1, 0, 1, 0, 1),
(21, '15:00:00', '15:30:00', 2, 25, 1, 0, 1, 0, 1),
(22, '10:00:00', '17:30:00', 2, 25, 0, 1, 0, 0, 0),
(23, '12:00:00', '13:00:00', 2, 26, 1, 0, 0, 0, 1),
(24, '15:00:00', '16:00:00', 2, 26, 0, 0, 1, 0, 0),
(26, '16:00:00', '18:00:00', 2, 27, 1, 0, 1, 0, 0),
(77, '12:00:00', '14:00:00', 2, 22, 0, 1, 0, 1, 0),
(84, '15:00:00', '17:30:00', 2, 22, 0, 1, 0, 1, 0),
(33, '11:00:00', '14:00:00', 2, 31, 1, 0, 0, 0, 0),
(32, '13:00:00', '14:00:00', 2, 30, 0, 1, 0, 1, 0),
(31, '12:00:00', '14:00:00', 2, 30, 1, 0, 1, 0, 1),
(34, '09:30:00', '10:30:00', 2, 31, 0, 1, 0, 0, 0),
(35, '14:00:00', '15:00:00', 2, 31, 0, 1, 0, 0, 0),
(36, '14:00:00', '15:00:00', 2, 31, 0, 0, 0, 1, 0),
(37, '15:00:00', '17:00:00', 2, 32, 1, 0, 1, 0, 1),
(85, '13:30:00', '15:00:00', 2, 59, 0, 1, 0, 1, 0),
(86, '14:00:00', '19:00:00', 2, 39, 1, 0, 1, 0, 0),
(40, '12:30:00', '15:00:00', 2, 53, 0, 1, 0, 1, 0),
(82, '12:00:00', '14:00:00', 2, 34, 1, 0, 0, 0, 0),
(42, '11:00:00', '14:00:00', 2, 35, 1, 0, 1, 0, 1),
(43, '13:00:00', '16:00:00', 2, 35, 0, 1, 0, 1, 0),
(44, '11:00:00', '12:00:00', 2, 36, 0, 1, 0, 1, 0),
(45, '14:00:00', '15:00:00', 2, 36, 0, 1, 0, 1, 0),
(46, '16:30:00', '17:30:00', 2, 36, 0, 1, 0, 1, 0),
(47, '11:00:00', '18:00:00', 2, 36, 0, 0, 1, 0, 0),
(48, '17:00:00', '18:00:00', 2, 37, 1, 0, 0, 0, 0),
(49, '12:30:00', '15:00:00', 2, 37, 0, 1, 0, 1, 0),
(80, '15:30:00', '17:30:00', 2, 27, 0, 1, 0, 1, 0),
(51, '11:00:00', '14:00:00', 2, 41, 0, 1, 0, 1, 0),
(52, '12:00:00', '15:00:00', 2, 42, 1, 1, 1, 1, 1),
(53, '15:00:00', '16:00:00', 2, 43, 1, 0, 1, 0, 1),
(54, '15:30:00', '16:30:00', 2, 43, 0, 1, 0, 0, 0),
(55, '14:30:00', '16:30:00', 2, 43, 0, 0, 0, 1, 0),
(92, '12:00:00', '14:00:00', 2, 45, 1, 0, 1, 0, 1),
(60, '11:30:00', '13:30:00', 2, 46, 0, 0, 0, 0, 1),
(61, '16:30:00', '17:30:00', 2, 46, 0, 1, 0, 1, 0),
(62, '14:00:00', '17:00:00', 2, 49, 1, 0, 1, 0, 0),
(63, '14:00:00', '16:00:00', 2, 49, 0, 0, 0, 0, 1),
(64, '16:00:00', '18:00:00', 2, 51, 0, 1, 0, 1, 0),
(65, '09:00:00', '11:00:00', 2, 29, 1, 0, 1, 0, 1),
(66, '11:00:00', '13:00:00', 2, 29, 0, 1, 0, 1, 0),
(67, '13:00:00', '16:00:00', 2, 28, 1, 0, 0, 0, 0),
(68, '13:30:00', '15:30:00', 2, 28, 0, 0, 1, 0, 0),
(83, '13:00:00', '15:00:00', 2, 34, 0, 0, 1, 0, 1),
(72, '13:00:00', '15:00:00', 2, 40, 0, 1, 0, 1, 0),
(71, '15:00:00', '16:00:00', 2, 40, 1, 0, 0, 0, 0),
(73, '11:00:00', '13:00:00', 2, 40, 0, 0, 1, 0, 0),
(74, '12:00:00', '13:00:00', 2, 40, 0, 0, 0, 0, 1),
(75, '15:00:00', '16:00:00', 2, 40, 0, 0, 0, 0, 1),
(76, '17:00:00', '18:00:00', 2, 40, 0, 0, 0, 0, 1),
(81, '12:00:00', '14:00:00', 2, 27, 0, 0, 0, 0, 1),
(87, '13:00:00', '18:00:00', 2, 39, 0, 0, 0, 0, 1),
(88, '15:00:00', '16:00:00', 2, 62, 1, 0, 1, 0, 1),
(89, '10:00:00', '11:00:00', 2, 38, 1, 0, 1, 0, 1),
(91, '11:00:00', '13:00:00', 2, 57, 1, 1, 1, 1, 1);

/*!40101 SET CHARACTER_SET_CLIENT=@OLD_CHARACTER_SET_CLIENT */;
/*!40101 SET CHARACTER_SET_RESULTS=@OLD_CHARACTER_SET_RESULTS */;
/*!40101 SET COLLATION_CONNECTION=@OLD_COLLATION_CONNECTION */;
